DROP DATABASE IF EXISTS vk;
CREATE DATABASE vk;
USE vk;

DROP TABLE IF EXISTS users;
CREATE TABLE users (
	id SERIAL PRIMARY KEY, 
    firstname VARCHAR(50),
    lastname VARCHAR(50), 
    email VARCHAR(120) UNIQUE,
    phone BIGINT,
	
    INDEX users_phone_idx(phone), 
    INDEX users_firstname_lastname_idx(firstname, lastname)
);

DROP TABLE IF EXISTS messages;
CREATE TABLE messages (
	id SERIAL PRIMARY KEY,
	from_user_id BIGINT UNSIGNED NOT NULL,
    to_user_id BIGINT UNSIGNED NOT NULL,
    body TEXT,
    created_at DATETIME DEFAULT NOW(),

    INDEX messages_from_user_id (from_user_id),
    INDEX messages_to_user_id (to_user_id),
    FOREIGN KEY (from_user_id) REFERENCES users(id),
    FOREIGN KEY (to_user_id) REFERENCES users(id)
);

DROP TABLE IF EXISTS friend_requests;
CREATE TABLE friend_requests (
	initiator_user_id BIGINT UNSIGNED NOT NULL,
    target_user_id BIGINT UNSIGNED NOT NULL,
    status ENUM('requested', 'approved', 'unfriended', 'declined'),
    requested_at DATETIME DEFAULT NOW(),
	confirmed_at DATETIME,

	PRIMARY KEY (initiator_user_id, target_user_id),
	INDEX (initiator_user_id), 
    INDEX (target_user_id),
    FOREIGN KEY (initiator_user_id) REFERENCES users(id),
    FOREIGN KEY (target_user_id) REFERENCES users(id)
);

DROP TABLE IF EXISTS communities;
CREATE TABLE communities(
	id SERIAL PRIMARY KEY,
	name VARCHAR(150),

	INDEX communities_name_idx(name)
);

DROP TABLE IF EXISTS users_communities;
CREATE TABLE users_communities(
	user_id BIGINT UNSIGNED NOT NULL,
	community_id BIGINT UNSIGNED NOT NULL,
  
	PRIMARY KEY (user_id, community_id), 
    FOREIGN KEY (user_id) REFERENCES users(id),
    FOREIGN KEY (community_id) REFERENCES communities(id)
);

DROP TABLE IF EXISTS media_types;
CREATE TABLE media_types(
	id SERIAL PRIMARY KEY,
    name VARCHAR(255),
    created_at DATETIME DEFAULT NOW(),
    updated_at DATETIME DEFAULT CURRENT_TIMESTAMP ON UPDATE CURRENT_TIMESTAMP
);

DROP TABLE IF EXISTS media;
CREATE TABLE media(
	id SERIAL PRIMARY KEY,
    media_type_id BIGINT UNSIGNED NOT NULL,
    user_id BIGINT UNSIGNED NOT NULL,
  	body text,
    filename VARCHAR(255),
    size INT,
	metadata JSON,
    created_at DATETIME DEFAULT NOW(),
    updated_at DATETIME DEFAULT CURRENT_TIMESTAMP ON UPDATE CURRENT_TIMESTAMP,

    INDEX (user_id),
    FOREIGN KEY (user_id) REFERENCES users(id),
    FOREIGN KEY (media_type_id) REFERENCES media_types(id)
);

DROP TABLE IF EXISTS profiles;
CREATE TABLE profiles (
	user_id SERIAL PRIMARY KEY,
    gender ENUM('F', 'M') NULL,
    birthday DATE,
	photo_id BIGINT UNSIGNED NULL,
    created_at DATETIME DEFAULT NOW(),
    hometown VARCHAR(100),

    FOREIGN KEY (user_id) REFERENCES users(id)
    	ON UPDATE CASCADE
    	ON DELETE restrict,
    FOREIGN KEY (photo_id) REFERENCES media(id)
);

DROP TABLE IF EXISTS like_types; -- при проставлении лайка можно выбрать тип лайка (как у фб)
CREATE TABLE like_types(
	id SERIAL PRIMARY KEY,
    name VARCHAR(25),
	filename VARCHAR(255), -- где будет картинка соответствующего лайка
    size INT,
    created_at DATETIME DEFAULT NOW(),
    updated_at DATETIME DEFAULT CURRENT_TIMESTAMP ON UPDATE CURRENT_TIMESTAMP
);

DROP TABLE IF EXISTS likes;
CREATE TABLE likes(
	id SERIAL PRIMARY KEY,
    user_id BIGINT UNSIGNED NOT NULL,
    media_id BIGINT UNSIGNED NOT NULL,
	like_type_id BIGINT UNSIGNED NOT NULL, -- при проставлении лайка можно выбрать тип лайка (как в фб)
    created_at DATETIME DEFAULT NOW(),

    FOREIGN KEY (user_id) REFERENCES users(id),
    FOREIGN KEY (media_id) REFERENCES media(id),
	FOREIGN KEY (like_type_id) REFERENCES like_types(id)
);

DROP TABLE IF EXISTS user_likes; -- для проставления лайков именно пользователей, здесь типы лайков не взяла пока, как для постов, 
-- т.е. можно поставить просто, что нравится, дислайк тоже пока не вводила :)
CREATE TABLE user_likes(
    from_user_id BIGINT UNSIGNED NOT NULL, -- кто лайкает
    to_user_id BIGINT UNSIGNED NOT NULL, -- кого лайкают
	created_at DATETIME DEFAULT NOW(),

    PRIMARY KEY (from_user_id, to_user_id),
    FOREIGN KEY (from_user_id) REFERENCES users(id),
    FOREIGN KEY (to_user_id) REFERENCES users(id)
);

DROP TABLE IF EXISTS photo_albums;
CREATE TABLE photo_albums (
	id SERIAL,
	name varchar(255) DEFAULT NULL,
    user_id BIGINT UNSIGNED DEFAULT NULL,

    FOREIGN KEY (user_id) REFERENCES users(id),
  	PRIMARY KEY (id)
);

DROP TABLE IF EXISTS photos;
CREATE TABLE photos (
	id SERIAL PRIMARY KEY,
	album_id BIGINT unsigned NOT NULL,
	media_id BIGINT unsigned NOT NULL,

	FOREIGN KEY (album_id) REFERENCES photo_albums(id),
    FOREIGN KEY (media_id) REFERENCES media(id)
);


INSERT INTO users (id, firstname, lastname, email, phone) VALUES ('1', 'America', 'Kiehn', 'twalter@yahoo.com', '0');
INSERT INTO users (id, firstname, lastname, email, phone) VALUES ('2', 'Amelie', 'Kshlerin', 'senger.bradford@gmail.com', '119');
INSERT INTO users (id, firstname, lastname, email, phone) VALUES ('3', 'Brice', 'Harvey', 'vonrueden.cody@hotmail.com', '1');
INSERT INTO users (id, firstname, lastname, email, phone) VALUES ('4', 'Rudolph', 'Effertz', 'beier.emely@yahoo.com', '1');
INSERT INTO users (id, firstname, lastname, email, phone) VALUES ('5', 'Iva', 'Bradtke', 'presley70@yahoo.com', '277205');
INSERT INTO users (id, firstname, lastname, email, phone) VALUES ('6', 'Amparo', 'Lubowitz', 'isadore.schaefer@gmail.com', '774582');
INSERT INTO users (id, firstname, lastname, email, phone) VALUES ('7', 'Tillman', 'Davis', 'rswaniawski@hotmail.com', '1');
INSERT INTO users (id, firstname, lastname, email, phone) VALUES ('8', 'Jennings', 'Sipes', 'monroe23@hotmail.com', '7505677536');
INSERT INTO users (id, firstname, lastname, email, phone) VALUES ('9', 'Prudence', 'Aufderhar', 'padberg.kallie@borer.com', '1');
INSERT INTO users (id, firstname, lastname, email, phone) VALUES ('10', 'Hanna', 'Rath', 'nya.adams@yahoo.com', '9853991340');
INSERT INTO users (id, firstname, lastname, email, phone) VALUES ('11', 'Lexi', 'Hyatt', 'christopher61@moore.com', '593');
INSERT INTO users (id, firstname, lastname, email, phone) VALUES ('12', 'Watson', 'Torp', 'orin86@yahoo.com', '56');
INSERT INTO users (id, firstname, lastname, email, phone) VALUES ('13', 'Juanita', 'Hoeger', 'kathryn34@lowe.net', '0');
INSERT INTO users (id, firstname, lastname, email, phone) VALUES ('14', 'Tianna', 'Dach', 'filiberto09@wunschlangosh.com', '0');
INSERT INTO users (id, firstname, lastname, email, phone) VALUES ('15', 'Brent', 'Bayer', 'anais.yundt@larson.com', '843926');
INSERT INTO users (id, firstname, lastname, email, phone) VALUES ('16', 'Paula', 'Langosh', 'kcummings@casperwyman.com', '691494');
INSERT INTO users (id, firstname, lastname, email, phone) VALUES ('17', 'Lauryn', 'Stiedemann', 'igorczany@grant.org', '979');
INSERT INTO users (id, firstname, lastname, email, phone) VALUES ('18', 'Kay', 'Hoppe', 'fgleichner@donnellymcdermott.com', '8970845314');
INSERT INTO users (id, firstname, lastname, email, phone) VALUES ('19', 'Dejon', 'Williamson', 'kennedy.lehner@gmail.com', '23');
INSERT INTO users (id, firstname, lastname, email, phone) VALUES ('20', 'Leonora', 'Wolf', 'qcorkery@yahoo.com', '1');
INSERT INTO users (id, firstname, lastname, email, phone) VALUES ('21', 'Marielle', 'Beatty', 'farrell.shaina@stehr.biz', '804471');
INSERT INTO users (id, firstname, lastname, email, phone) VALUES ('22', 'Abbigail', 'Gusikowski', 'kohler.vesta@becker.com', '510069488');
INSERT INTO users (id, firstname, lastname, email, phone) VALUES ('23', 'Lavina', 'Feeney', 'tward@yahoo.com', '744438');
INSERT INTO users (id, firstname, lastname, email, phone) VALUES ('24', 'Nichole', 'Wintheiser', 'yvonne.mitchell@gmail.com', '503');
INSERT INTO users (id, firstname, lastname, email, phone) VALUES ('25', 'Eveline', 'Spencer', 'kwalter@yahoo.com', '1');
INSERT INTO users (id, firstname, lastname, email, phone) VALUES ('26', 'Luis', 'Mertz', 'abbott.taylor@gmail.com', '0');
INSERT INTO users (id, firstname, lastname, email, phone) VALUES ('27', 'Ella', 'Turcotte', 'liliane23@gmail.com', '69');
INSERT INTO users (id, firstname, lastname, email, phone) VALUES ('28', 'Santiago', 'Brakus', 'geo04@wunsch.com', '1');
INSERT INTO users (id, firstname, lastname, email, phone) VALUES ('29', 'Chad', 'Brakus', 'pink.romaguera@gmail.com', '0');
INSERT INTO users (id, firstname, lastname, email, phone) VALUES ('30', 'Eloisa', 'Hane', 'erna43@muller.net', '550');
INSERT INTO users (id, firstname, lastname, email, phone) VALUES ('31', 'Wyatt', 'Grady', 'bill10@corwin.com', '8777368370');
INSERT INTO users (id, firstname, lastname, email, phone) VALUES ('32', 'Pietro', 'Hand', 'fborer@goodwinrosenbaum.com', '135452');
INSERT INTO users (id, firstname, lastname, email, phone) VALUES ('33', 'Wilson', 'Smith', 'ghayes@kuhn.com', '912');
INSERT INTO users (id, firstname, lastname, email, phone) VALUES ('34', 'Kamille', 'Block', 'hhills@rosenbaum.com', '239');
INSERT INTO users (id, firstname, lastname, email, phone) VALUES ('35', 'Donna', 'Lubowitz', 'adrienne.bauch@hotmail.com', '1');
INSERT INTO users (id, firstname, lastname, email, phone) VALUES ('36', 'Nikita', 'Stracke', 'xcorwin@hermistonshields.com', '785');
INSERT INTO users (id, firstname, lastname, email, phone) VALUES ('37', 'Preston', 'Ratke', 'darrick83@robeldubuque.com', '1');
INSERT INTO users (id, firstname, lastname, email, phone) VALUES ('38', 'Maude', 'Gaylord', 'deckow.shaniya@yahoo.com', '766352');
INSERT INTO users (id, firstname, lastname, email, phone) VALUES ('39', 'Nolan', 'Koelpin', 'clay38@gmail.com', '236512');
INSERT INTO users (id, firstname, lastname, email, phone) VALUES ('40', 'Glenda', 'Cruickshank', 'jnitzsche@hotmail.com', '410510');
INSERT INTO users (id, firstname, lastname, email, phone) VALUES ('41', 'Jailyn', 'Larkin', 'branson25@hotmail.com', '0');
INSERT INTO users (id, firstname, lastname, email, phone) VALUES ('42', 'Colton', 'Corkery', 'zokuneva@hotmail.com', '755');
INSERT INTO users (id, firstname, lastname, email, phone) VALUES ('43', 'Trey', 'Wisozk', 'kraig.jacobson@gmail.com', '1');
INSERT INTO users (id, firstname, lastname, email, phone) VALUES ('44', 'Una', 'Sawayn', 'norbert.runte@bogisich.info', '27753');
INSERT INTO users (id, firstname, lastname, email, phone) VALUES ('45', 'Adrienne', 'Beatty', 'charley.pfeffer@thielpouros.com', '975');
INSERT INTO users (id, firstname, lastname, email, phone) VALUES ('46', 'Isabell', 'Gerhold', 'kacey42@hotmail.com', '1');
INSERT INTO users (id, firstname, lastname, email, phone) VALUES ('47', 'Lauryn', 'VonRueden', 'moriah39@ortiz.net', '152858');
INSERT INTO users (id, firstname, lastname, email, phone) VALUES ('48', 'Molly', 'Erdman', 'hazle.ward@yahoo.com', '1');
INSERT INTO users (id, firstname, lastname, email, phone) VALUES ('49', 'Benedict', 'Schinner', 'stefan95@yahoo.com', '358');
INSERT INTO users (id, firstname, lastname, email, phone) VALUES ('50', 'Tatum', 'Dicki', 'daugherty.janick@gmail.com', '841');
INSERT INTO users (id, firstname, lastname, email, phone) VALUES ('51', 'Corine', 'Ratke', 'talia.kautzer@hotmail.com', '0');
INSERT INTO users (id, firstname, lastname, email, phone) VALUES ('52', 'Gage', 'Volkman', 'rice.hugh@hilpertbernier.biz', '847994');
INSERT INTO users (id, firstname, lastname, email, phone) VALUES ('53', 'Reynold', 'Schinner', 'rutherford.carmel@gmail.com', '123');
INSERT INTO users (id, firstname, lastname, email, phone) VALUES ('54', 'Winona', 'Gibson', 'myrtis.konopelski@turner.net', '749742');
INSERT INTO users (id, firstname, lastname, email, phone) VALUES ('55', 'Tiana', 'Gaylord', 'monte47@gmail.com', '0');
INSERT INTO users (id, firstname, lastname, email, phone) VALUES ('56', 'Arnold', 'Osinski', 'ogerhold@gmail.com', '784');
INSERT INTO users (id, firstname, lastname, email, phone) VALUES ('57', 'Delphine', 'Walsh', 'emmerich.shane@yahoo.com', '1');
INSERT INTO users (id, firstname, lastname, email, phone) VALUES ('58', 'Jordi', 'Haag', 'minnie47@schowaltergutmann.com', '902');
INSERT INTO users (id, firstname, lastname, email, phone) VALUES ('59', 'Fermin', 'Mertz', 'sigurd.lynch@mills.biz', '0');
INSERT INTO users (id, firstname, lastname, email, phone) VALUES ('60', 'Claud', 'Jerde', 'mo\'conner@gmail.com', '88');
INSERT INTO users (id, firstname, lastname, email, phone) VALUES ('61', 'Paula', 'Braun', 'chyna37@hotmail.com', '918');
INSERT INTO users (id, firstname, lastname, email, phone) VALUES ('62', 'Zack', 'Beatty', 'kolby18@yahoo.com', '602');
INSERT INTO users (id, firstname, lastname, email, phone) VALUES ('63', 'Christa', 'Kertzmann', 'mraz.candida@hotmail.com', '1');
INSERT INTO users (id, firstname, lastname, email, phone) VALUES ('64', 'Sadye', 'Nienow', 'klocko.daisy@gmail.com', '1');
INSERT INTO users (id, firstname, lastname, email, phone) VALUES ('65', 'Golda', 'Schulist', 'ken24@mcdermottcruickshank.com', '18');
INSERT INTO users (id, firstname, lastname, email, phone) VALUES ('66', 'Monica', 'Ebert', 'yadira.quigley@yahoo.com', '0');
INSERT INTO users (id, firstname, lastname, email, phone) VALUES ('67', 'Marianna', 'Schroeder', 'armani.bins@langbode.net', '260847');
INSERT INTO users (id, firstname, lastname, email, phone) VALUES ('68', 'Therese', 'Pfannerstill', 'amely60@jacobsmurphy.org', '1');
INSERT INTO users (id, firstname, lastname, email, phone) VALUES ('69', 'Melyssa', 'Mante', 'leuschke.bobbie@gmail.com', '1');
INSERT INTO users (id, firstname, lastname, email, phone) VALUES ('70', 'Rigoberto', 'Murazik', 'omari.dare@hotmail.com', '55126595');
INSERT INTO users (id, firstname, lastname, email, phone) VALUES ('71', 'Reilly', 'Rodriguez', 'sister.gibson@nolan.net', '0');
INSERT INTO users (id, firstname, lastname, email, phone) VALUES ('72', 'Clair', 'Auer', 'vharber@welch.info', '45936');
INSERT INTO users (id, firstname, lastname, email, phone) VALUES ('73', 'Lance', 'Lesch', 'webster78@gmail.com', '329425');
INSERT INTO users (id, firstname, lastname, email, phone) VALUES ('74', 'Mireille', 'Towne', 'greinger@gmail.com', '0');
INSERT INTO users (id, firstname, lastname, email, phone) VALUES ('75', 'Layla', 'Gerhold', 'donnelly.bailee@berge.net', '1');
INSERT INTO users (id, firstname, lastname, email, phone) VALUES ('76', 'Keith', 'Ledner', 'nikolas.mayer@schulistdare.com', '377');
INSERT INTO users (id, firstname, lastname, email, phone) VALUES ('77', 'Caterina', 'Bruen', 'romaguera.christian@brownklein.com', '997');
INSERT INTO users (id, firstname, lastname, email, phone) VALUES ('78', 'Rick', 'Rolfson', 'heaney.issac@bergstrompagac.com', '437');
INSERT INTO users (id, firstname, lastname, email, phone) VALUES ('79', 'Francis', 'Rath', 'charity.kiehn@hotmail.com', '95');
INSERT INTO users (id, firstname, lastname, email, phone) VALUES ('80', 'Nasir', 'Bogisich', 'heathcote.aracely@yahoo.com', '0');
INSERT INTO users (id, firstname, lastname, email, phone) VALUES ('81', 'Samir', 'Kuhic', 'caleb21@gmail.com', '1');
INSERT INTO users (id, firstname, lastname, email, phone) VALUES ('82', 'Arden', 'Gutmann', 'diego25@purdy.com', '3165454305');
INSERT INTO users (id, firstname, lastname, email, phone) VALUES ('83', 'Winfield', 'McClure', 'johnny64@hotmail.com', '1');
INSERT INTO users (id, firstname, lastname, email, phone) VALUES ('84', 'Mariam', 'Schmidt', 'thiel.cheyanne@labadie.org', '617');
INSERT INTO users (id, firstname, lastname, email, phone) VALUES ('85', 'Filiberto', 'Dooley', 'alvah58@trantowabshire.org', '222');
INSERT INTO users (id, firstname, lastname, email, phone) VALUES ('86', 'Lue', 'Schmidt', 'adeline65@gmail.com', '0');
INSERT INTO users (id, firstname, lastname, email, phone) VALUES ('87', 'Jane', 'Kulas', 'catalina.hintz@hudson.com', '1');
INSERT INTO users (id, firstname, lastname, email, phone) VALUES ('88', 'Edd', 'Leffler', 'ajacobs@quitzonnitzsche.com', '853870');
INSERT INTO users (id, firstname, lastname, email, phone) VALUES ('89', 'Ahmed', 'Ondricka', 'torrance.wiza@williamson.com', '1');
INSERT INTO users (id, firstname, lastname, email, phone) VALUES ('90', 'Rene', 'Schiller', 'karina72@yahoo.com', '572');
INSERT INTO users (id, firstname, lastname, email, phone) VALUES ('91', 'Jewel', 'Hyatt', 'mann.selina@sporer.com', '1');
INSERT INTO users (id, firstname, lastname, email, phone) VALUES ('92', 'Elwyn', 'Harvey', 'claudie.harber@hotmail.com', '1');
INSERT INTO users (id, firstname, lastname, email, phone) VALUES ('93', 'Krista', 'Feest', 'reina.lind@steuber.net', '85367');
INSERT INTO users (id, firstname, lastname, email, phone) VALUES ('94', 'Creola', 'Bernier', 'maynard.ankunding@gmail.com', '1');
INSERT INTO users (id, firstname, lastname, email, phone) VALUES ('95', 'Eloy', 'Monahan', 'crooks.garrick@yahoo.com', '386');
INSERT INTO users (id, firstname, lastname, email, phone) VALUES ('96', 'Lorenzo', 'Grady', 'oma12@gmail.com', '1');
INSERT INTO users (id, firstname, lastname, email, phone) VALUES ('97', 'Carrie', 'Bartell', 'sarah.labadie@hotmail.com', '57');
INSERT INTO users (id, firstname, lastname, email, phone) VALUES ('98', 'Aaron', 'Flatley', 'doyle.alba@hotmail.com', '1');
INSERT INTO users (id, firstname, lastname, email, phone) VALUES ('99', 'Cassie', 'Kreiger', 'simone.lesch@gmail.com', '2651839413');
INSERT INTO users (id, firstname, lastname, email, phone) VALUES ('100', 'Heaven', 'Treutel', 'heller.sheila@gmail.com', '1');

INSERT INTO messages (id, from_user_id, to_user_id, body, created_at) VALUES ('1', '84', '87', 'I wish I hadn\'t to bring but one; Bill\'s got the other--Bill! fetch it back!\' \'And who are THESE?\' said the Mock Turtle: \'why, if a dish or kettle had been all the while, till at last she spread out.', '2020-04-18 01:37:17');
INSERT INTO messages (id, from_user_id, to_user_id, body, created_at) VALUES ('2', '66', '96', 'I\'ll manage better this time,\' she said to the Hatter. He came in sight of the room. The cook threw a frying-pan after her as hard as he spoke, and the Dormouse followed him: the March Hare. \'I.', '2019-10-22 16:30:43');
INSERT INTO messages (id, from_user_id, to_user_id, body, created_at) VALUES ('3', '25', '54', 'I beat him when he finds out who was talking. Alice could speak again. In a little shriek and a large cat which was lit up by wild beasts and other unpleasant things, all because they WOULD not.', '2019-06-10 12:18:25');
INSERT INTO messages (id, from_user_id, to_user_id, body, created_at) VALUES ('4', '48', '23', 'Hatter, and, just as she left her, leaning her head pressing against the ceiling, and had no idea how to set about it; if I\'m Mabel, I\'ll stay down here! It\'ll be no doubt that it made Alice quite.', '2020-03-03 14:45:17');
INSERT INTO messages (id, from_user_id, to_user_id, body, created_at) VALUES ('5', '13', '35', 'Exactly as we needn\'t try to find any. And yet I don\'t think,\' Alice went on, taking first one side and up I goes like a serpent. She had not noticed before, and he poured a little girl she\'ll think.', '2019-06-07 08:10:19');
INSERT INTO messages (id, from_user_id, to_user_id, body, created_at) VALUES ('6', '33', '99', 'On various pretexts they all looked puzzled.) \'He must have a trial: For really this morning I\'ve nothing to do.\" Said the mouse to the Mock Turtle. Alice was thoroughly puzzled. \'Does the boots and.', '2019-07-13 03:30:50');
INSERT INTO messages (id, from_user_id, to_user_id, body, created_at) VALUES ('7', '14', '37', 'She had not gone (We know it to speak with. Alice waited a little, and then said, \'It WAS a curious dream!\' said Alice, quite forgetting her promise. \'Treacle,\' said a sleepy voice behind her..', '2019-11-26 12:20:26');
INSERT INTO messages (id, from_user_id, to_user_id, body, created_at) VALUES ('8', '67', '40', 'I to get her head to feel very uneasy: to be talking in a hot tureen! Who for such a dreadful time.\' So Alice began telling them her adventures from the trees under which she found she could not.', '2020-05-01 13:51:03');
INSERT INTO messages (id, from_user_id, to_user_id, body, created_at) VALUES ('9', '94', '14', 'Will you, won\'t you, will you, won\'t you join the dance. \'\"What matters it how far we go?\" his scaly friend replied. \"There is another shore, you know, with oh, such long curly brown hair! And it\'ll.', '2019-11-07 03:56:28');
INSERT INTO messages (id, from_user_id, to_user_id, body, created_at) VALUES ('10', '41', '18', 'There are no mice in the air. This time Alice waited a little, \'From the Queen. \'Sentence first--verdict afterwards.\' \'Stuff and nonsense!\' said Alice angrily. \'It wasn\'t very civil of you to.', '2019-09-28 19:50:31');
INSERT INTO messages (id, from_user_id, to_user_id, body, created_at) VALUES ('11', '83', '8', 'Because he knows it teases.\' CHORUS. (In which the wretched Hatter trembled so, that Alice could bear: she got into a butterfly, I should frighten them out of his Normans--\" How are you getting on?\'.', '2020-04-03 12:15:50');
INSERT INTO messages (id, from_user_id, to_user_id, body, created_at) VALUES ('12', '84', '72', 'The Knave did so, very carefully, remarking, \'I really must be on the back. At last the Dodo said, \'EVERYBODY has won, and all sorts of things--I can\'t remember things as I do,\' said Alice.', '2019-06-02 06:13:50');
INSERT INTO messages (id, from_user_id, to_user_id, body, created_at) VALUES ('13', '53', '93', 'Mock Turtle a little way off, and had to leave off being arches to do it! Oh dear! I\'d nearly forgotten to ask.\' \'It turned into a doze; but, on being pinched by the way YOU manage?\' Alice asked..', '2019-11-16 09:05:11');
INSERT INTO messages (id, from_user_id, to_user_id, body, created_at) VALUES ('14', '55', '73', 'Alice; \'I might as well she might, what a Gryphon is, look at the Mouse\'s tail; \'but why do you like to see how he did it,) he did not notice this last remark. \'Of course it is,\' said the King,.', '2019-06-13 22:29:29');
INSERT INTO messages (id, from_user_id, to_user_id, body, created_at) VALUES ('15', '20', '70', 'Mock Turtle would be like, \'--for they haven\'t got much evidence YET,\' she said to herself, for this curious child was very uncomfortable, and, as the other.\' As soon as she listened, or seemed to.', '2019-12-24 04:59:15');
INSERT INTO messages (id, from_user_id, to_user_id, body, created_at) VALUES ('16', '69', '32', 'While the Duchess sang the second verse of the pack, she could see it again, but it makes me grow larger, I can reach the key; and if it had entirely disappeared; so the King eagerly, and he called.', '2020-01-19 15:36:46');
INSERT INTO messages (id, from_user_id, to_user_id, body, created_at) VALUES ('17', '72', '75', 'How I wonder if I must, I must,\' the King hastily said, and went back to finish his story. CHAPTER IV. The Rabbit Sends in a Little Bill It was so ordered about by mice and rabbits. I almost think I.', '2019-07-07 01:48:49');
INSERT INTO messages (id, from_user_id, to_user_id, body, created_at) VALUES ('18', '8', '83', 'Knave of Hearts, and I shall never get to the table to measure herself by it, and they sat down a large rabbit-hole under the table: she opened it, and found quite a large mustard-mine near here..', '2020-02-17 20:44:02');
INSERT INTO messages (id, from_user_id, to_user_id, body, created_at) VALUES ('19', '52', '2', 'Seaography: then Drawling--the Drawling-master was an uncomfortably sharp chin. However, she got up and picking the daisies, when suddenly a White Rabbit as he came, \'Oh! the Duchess, who seemed to.', '2020-02-28 22:39:20');
INSERT INTO messages (id, from_user_id, to_user_id, body, created_at) VALUES ('20', '25', '55', 'Alice. One of the Lobster Quadrille, that she began again: \'Ou est ma chatte?\' which was sitting next to no toys to play croquet with the birds hurried off at once, in a low voice, to the porpoise,.', '2020-02-23 03:54:13');
INSERT INTO messages (id, from_user_id, to_user_id, body, created_at) VALUES ('21', '17', '20', 'Majesty,\' said the King. \'I can\'t explain MYSELF, I\'m afraid, but you might like to drop the jar for fear of their wits!\' So she went on, \'--likely to win, that it\'s hardly worth while finishing the.', '2020-03-27 17:02:46');
INSERT INTO messages (id, from_user_id, to_user_id, body, created_at) VALUES ('22', '63', '17', 'Queen, turning purple. \'I won\'t!\' said Alice. \'Did you say it.\' \'That\'s nothing to do: once or twice she had been jumping about like that!\' He got behind Alice as it left no mark on the slate..', '2019-07-21 17:28:17');
INSERT INTO messages (id, from_user_id, to_user_id, body, created_at) VALUES ('23', '55', '42', 'I think.\' And she tried the roots of trees, and I\'ve tried banks, and I\'ve tried to speak, but for a minute or two, which gave the Pigeon in a hoarse growl, \'the world would go anywhere without a.', '2019-12-19 01:28:15');
INSERT INTO messages (id, from_user_id, to_user_id, body, created_at) VALUES ('24', '6', '14', 'There was a bright brass plate with the game,\' the Queen had ordered. They very soon finished off the subjects on his knee, and looking anxiously about as much use in knocking,\' said the Queen. \'Can.', '2020-03-29 09:41:23');
INSERT INTO messages (id, from_user_id, to_user_id, body, created_at) VALUES ('25', '96', '41', 'Hatter hurriedly left the court, without even waiting to put down yet, before the end of the song, \'I\'d have said to herself, and began picking them up again with a table set out under a tree in.', '2019-07-30 10:55:45');
INSERT INTO messages (id, from_user_id, to_user_id, body, created_at) VALUES ('26', '78', '73', 'Then she went out, but it did not like to be nothing but a pack of cards, after all. \"--SAID I COULD NOT SWIM--\" you can\'t be Mabel, for I know who I WAS when I was going to be, from one end to the.', '2020-05-25 00:51:45');
INSERT INTO messages (id, from_user_id, to_user_id, body, created_at) VALUES ('27', '16', '97', 'I am, sir,\' said Alice; \'I might as well as she stood looking at the Queen, who were giving it a very difficult question. However, at last the Mouse, getting up and ran till she fancied she heard a.', '2020-05-01 01:21:17');
INSERT INTO messages (id, from_user_id, to_user_id, body, created_at) VALUES ('28', '32', '90', 'There could be beheaded, and that he shook both his shoes on. \'--and just take his head off outside,\' the Queen to-day?\' \'I should like it very much,\' said Alice, \'we learned French and music.\' \'And.', '2019-09-23 22:02:38');
INSERT INTO messages (id, from_user_id, to_user_id, body, created_at) VALUES ('29', '74', '40', 'And she squeezed herself up on tiptoe, and peeped over the list, feeling very glad she had finished, her sister was reading, but it was all dark overhead; before her was another long passage, and.', '2019-08-08 12:31:26');
INSERT INTO messages (id, from_user_id, to_user_id, body, created_at) VALUES ('30', '71', '92', 'Alice was rather glad there WAS no one could possibly hear you.\' And certainly there was no more of it now in sight, and no room at all this time. \'I want a clean cup,\' interrupted the Gryphon. \'It.', '2019-09-28 18:18:04');
INSERT INTO messages (id, from_user_id, to_user_id, body, created_at) VALUES ('31', '15', '51', 'Dormouse. \'Write that down,\' the King very decidedly, and he hurried off. Alice thought she might as well as pigs, and was in the house opened, and a crash of broken glass, from which she had.', '2019-09-16 04:10:24');
INSERT INTO messages (id, from_user_id, to_user_id, body, created_at) VALUES ('32', '65', '11', 'Which way?\', holding her hand in her hand, and made a memorandum of the goldfish kept running in her life before, and behind it was talking in his throat,\' said the Hatter replied. \'Of course not,\'.', '2019-06-21 19:33:29');
INSERT INTO messages (id, from_user_id, to_user_id, body, created_at) VALUES ('33', '25', '7', 'Alice. \'Of course not,\' said Alice sharply, for she had but to her full size by this time?\' she said to the part about her pet: \'Dinah\'s our cat. And she\'s such a very little! Besides, SHE\'S she,.', '2020-02-01 21:57:33');
INSERT INTO messages (id, from_user_id, to_user_id, body, created_at) VALUES ('34', '63', '76', 'I only wish it was,\' said the Dormouse, who was sitting on the second verse of the sort. Next came an angry voice--the Rabbit\'s--\'Pat! Pat! Where are you?\' And then a row of lodging houses, and.', '2019-10-30 01:52:47');
INSERT INTO messages (id, from_user_id, to_user_id, body, created_at) VALUES ('35', '58', '53', 'King, the Queen, and Alice looked round, eager to see what would happen next. First, she tried to speak, but for a little faster?\" said a timid voice at her with large eyes like a star-fish,\'.', '2020-02-17 16:05:06');
INSERT INTO messages (id, from_user_id, to_user_id, body, created_at) VALUES ('36', '95', '43', 'Duchess\'s voice died away, even in the sand with wooden spades, then a great hurry; \'and their names were Elsie, Lacie, and Tillie; and they all moved off, and had to kneel down on their throne when.', '2019-11-01 02:34:44');
INSERT INTO messages (id, from_user_id, to_user_id, body, created_at) VALUES ('37', '50', '40', 'Alice said; \'there\'s a large crowd collected round it: there were TWO little shrieks, and more puzzled, but she could get away without being invited,\' said the Duchess, who seemed to be seen: she.', '2019-09-08 11:10:25');
INSERT INTO messages (id, from_user_id, to_user_id, body, created_at) VALUES ('38', '4', '2', 'I got up this morning? I almost wish I hadn\'t drunk quite so much!\' said Alice, \'a great girl like you,\' (she might well say this), \'to go on with the Mouse was speaking, and this was the Rabbit.', '2020-03-07 09:07:55');
INSERT INTO messages (id, from_user_id, to_user_id, body, created_at) VALUES ('39', '28', '39', 'Hatter, \'or you\'ll be asleep again before it\'s done.\' \'Once upon a time she saw in another moment, when she noticed that they were nice grand words to say.) Presently she began nursing her child.', '2019-12-07 13:59:45');
INSERT INTO messages (id, from_user_id, to_user_id, body, created_at) VALUES ('40', '18', '58', 'March Hare. \'Sixteenth,\' added the Dormouse. \'Write that down,\' the King exclaimed, turning to the heads of the sea.\' \'I couldn\'t afford to learn it.\' said the Mock Turtle yawned and shut his.', '2019-10-05 04:52:56');
INSERT INTO messages (id, from_user_id, to_user_id, body, created_at) VALUES ('41', '91', '11', 'Alice, as she did not dare to laugh; and, as there was no label this time it all came different!\' Alice replied in an impatient tone: \'explanations take such a very grave voice, \'until all the rest,.', '2020-01-29 14:52:18');
INSERT INTO messages (id, from_user_id, to_user_id, body, created_at) VALUES ('42', '8', '50', 'Alice. \'I\'m glad they\'ve begun asking riddles.--I believe I can reach the key; and if the Queen said to herself, \'whenever I eat one of the house!\' (Which was very hot, she kept on good terms with.', '2020-04-26 19:12:09');
INSERT INTO messages (id, from_user_id, to_user_id, body, created_at) VALUES ('43', '97', '29', 'Alice thought to herself. \'I dare say you never had fits, my dear, and that if something wasn\'t done about it in her hand, watching the setting sun, and thinking of little animals and birds waiting.', '2019-06-17 12:41:16');
INSERT INTO messages (id, from_user_id, to_user_id, body, created_at) VALUES ('44', '9', '15', 'I suppose you\'ll be telling me next that you have to turn into a line along the course, here and there was enough of me left to make herself useful, and looking anxiously round to see a little now.', '2020-02-21 20:12:00');
INSERT INTO messages (id, from_user_id, to_user_id, body, created_at) VALUES ('45', '98', '26', 'I almost wish I had our Dinah here, I know all the time she had never heard it muttering to itself \'Then I\'ll go round a deal faster than it does.\' \'Which would NOT be an old woman--but then--always.', '2019-07-03 05:08:27');
INSERT INTO messages (id, from_user_id, to_user_id, body, created_at) VALUES ('46', '43', '7', 'King exclaimed, turning to the part about her repeating \'YOU ARE OLD, FATHER WILLIAM,\"\' said the King said, for about the crumbs,\' said the Dodo, \'the best way you have to beat them off, and had.', '2019-10-25 02:25:02');
INSERT INTO messages (id, from_user_id, to_user_id, body, created_at) VALUES ('47', '48', '23', 'Footman\'s head: it just missed her. Alice caught the baby joined):-- \'Wow! wow! wow!\' \'Here! you may nurse it a violent shake at the Queen, \'and take this child away with me,\' thought Alice, \'shall.', '2019-07-10 09:50:43');
INSERT INTO messages (id, from_user_id, to_user_id, body, created_at) VALUES ('48', '79', '58', 'Hatter. This piece of evidence we\'ve heard yet,\' said the Cat. \'--so long as I was going to dive in among the people that walk with their heads down and make out what she was ready to ask them what.', '2019-09-06 22:28:58');
INSERT INTO messages (id, from_user_id, to_user_id, body, created_at) VALUES ('49', '40', '68', 'I wonder if I was, I shouldn\'t want YOURS: I don\'t think,\' Alice went on, \'if you don\'t like it, yer honour, at all, as the large birds complained that they couldn\'t see it?\' So she tucked it away.', '2019-08-30 10:01:01');
INSERT INTO messages (id, from_user_id, to_user_id, body, created_at) VALUES ('50', '65', '48', 'Hatter went on, \'What\'s your name, child?\' \'My name is Alice, so please your Majesty,\' he began. \'You\'re a very good height indeed!\' said the cook. The King and the bright eager eyes were nearly out.', '2019-10-30 19:03:36');
INSERT INTO messages (id, from_user_id, to_user_id, body, created_at) VALUES ('51', '81', '7', 'Cat again, sitting on a bough of a water-well,\' said the Dormouse, who was peeping anxiously into her face, with such a thing before, but she did not at all for any lesson-books!\' And so she set to.', '2019-12-06 21:55:50');
INSERT INTO messages (id, from_user_id, to_user_id, body, created_at) VALUES ('52', '25', '64', 'Lory and an old woman--but then--always to have lessons to learn! No, I\'ve made up my mind about it; if I\'m not used to say.\' \'So he did, so he with his head!\' or \'Off with her head!\' about once in.', '2019-12-21 21:25:12');
INSERT INTO messages (id, from_user_id, to_user_id, body, created_at) VALUES ('53', '84', '10', 'I shall have to ask his neighbour to tell you--all I know I have done that, you know,\' Alice gently remarked; \'they\'d have been changed for any of them. However, on the breeze that followed them,.', '2020-05-14 03:03:23');
INSERT INTO messages (id, from_user_id, to_user_id, body, created_at) VALUES ('54', '6', '47', 'Alice in a tone of great relief. \'Now at OURS they had to pinch it to speak with. Alice waited till she was going on within--a constant howling and sneezing, and every now and then they both sat.', '2019-11-13 10:09:12');
INSERT INTO messages (id, from_user_id, to_user_id, body, created_at) VALUES ('55', '53', '11', 'Gryphon said, in a tone of this rope--Will the roof of the house before she got back to finish his story. CHAPTER IV. The Rabbit Sends in a very decided tone: \'tell her something about the games.', '2020-02-25 05:54:05');
INSERT INTO messages (id, from_user_id, to_user_id, body, created_at) VALUES ('56', '52', '39', 'Lizard, who seemed to be otherwise than what you like,\' said the King: \'however, it may kiss my hand if it had grown so large in the lap of her head down to the King, the Queen, and Alice looked all.', '2019-09-28 21:59:35');
INSERT INTO messages (id, from_user_id, to_user_id, body, created_at) VALUES ('57', '18', '10', 'I can find it.\' And she began nibbling at the stick, running a very long silence, broken only by an occasional exclamation of \'Hjckrrh!\' from the sky! Ugh, Serpent!\' \'But I\'m NOT a serpent, I tell.', '2019-12-01 05:45:16');
INSERT INTO messages (id, from_user_id, to_user_id, body, created_at) VALUES ('58', '52', '71', 'Alice replied thoughtfully. \'They have their tails in their mouths; and the three gardeners, oblong and flat, with their fur clinging close to her that she was talking. Alice could see this, as she.', '2019-07-22 01:34:25');
INSERT INTO messages (id, from_user_id, to_user_id, body, created_at) VALUES ('59', '5', '47', 'I\'ll get into that beautiful garden--how IS that to be no chance of her own children. \'How should I know?\' said Alice, as she spoke--fancy CURTSEYING as you\'re falling through the air! Do you think.', '2020-01-24 03:55:24');
INSERT INTO messages (id, from_user_id, to_user_id, body, created_at) VALUES ('60', '16', '46', 'March Hare will be When they take us up and to her very earnestly, \'Now, Dinah, tell me your history, you know,\' said Alice in a large pool all round the refreshments!\' But there seemed to have him.', '2019-09-22 09:57:12');
INSERT INTO messages (id, from_user_id, to_user_id, body, created_at) VALUES ('61', '96', '5', 'Alice had got burnt, and eaten up by a very difficult question. However, at last it sat down again into its mouth and yawned once or twice, half hoping she might as well be at school at once.\'.', '2019-06-06 15:40:33');
INSERT INTO messages (id, from_user_id, to_user_id, body, created_at) VALUES ('62', '32', '39', 'Indeed, she had nothing else to do, so Alice ventured to ask. \'Suppose we change the subject,\' the March Hare,) \'--it was at in all their simple joys, remembering her own ears for having missed.', '2020-01-07 13:18:53');
INSERT INTO messages (id, from_user_id, to_user_id, body, created_at) VALUES ('63', '35', '50', 'Dormouse shall!\' they both cried. \'Wake up, Alice dear!\' said her sister; \'Why, what a long argument with the Gryphon. \'I mean, what makes them sour--and camomile that makes the world go round!\"\'.', '2020-04-30 05:45:21');
INSERT INTO messages (id, from_user_id, to_user_id, body, created_at) VALUES ('64', '57', '24', 'CHAPTER III. A Caucus-Race and a bright idea came into Alice\'s head. \'Is that the reason of that?\' \'In my youth,\' Father William replied to his ear. Alice considered a little bird as soon as it.', '2020-05-20 03:34:53');
INSERT INTO messages (id, from_user_id, to_user_id, body, created_at) VALUES ('65', '11', '12', 'I think that proved it at all; however, she went hunting about, and make THEIR eyes bright and eager with many a strange tale, perhaps even with the Mouse had changed his mind, and was going to give.', '2019-10-22 23:34:04');
INSERT INTO messages (id, from_user_id, to_user_id, body, created_at) VALUES ('66', '95', '6', 'I find a number of cucumber-frames there must be!\' thought Alice. \'I wonder what was coming. It was the BEST butter,\' the March Hare. Alice sighed wearily. \'I think you might like to be lost: away.', '2019-10-15 11:57:42');
INSERT INTO messages (id, from_user_id, to_user_id, body, created_at) VALUES ('67', '64', '82', 'The long grass rustled at her own ears for having missed their turns, and she could not even room for her. \'Yes!\' shouted Alice. \'Come on, then,\' said the Mock Turtle. \'Certainly not!\' said Alice.', '2019-10-17 13:31:08');
INSERT INTO messages (id, from_user_id, to_user_id, body, created_at) VALUES ('68', '24', '99', 'Gryphon, \'you first form into a chrysalis--you will some day, you know--and then after that savage Queen: so she took up the chimney, and said to herself; \'I should like to hear her try and say \"Who.', '2019-10-30 18:28:04');
INSERT INTO messages (id, from_user_id, to_user_id, body, created_at) VALUES ('69', '45', '95', 'When the Mouse was speaking, so that they must be shutting up like a tunnel for some way of settling all difficulties, great or small. \'Off with his head!\' or \'Off with her head! Off--\' \'Nonsense!\'.', '2019-12-22 21:48:26');
INSERT INTO messages (id, from_user_id, to_user_id, body, created_at) VALUES ('70', '30', '78', 'William the Conqueror.\' (For, with all their simple joys, remembering her own ears for having cheated herself in the direction in which case it would feel with all their simple joys, remembering her.', '2020-05-14 02:45:23');
INSERT INTO messages (id, from_user_id, to_user_id, body, created_at) VALUES ('71', '63', '66', 'Mock Turtle. \'And how did you ever eat a bat?\' when suddenly, thump! thump! down she came upon a little of it?\' said the Duchess: \'flamingoes and mustard both bite. And the Gryphon replied rather.', '2019-10-10 19:37:36');
INSERT INTO messages (id, from_user_id, to_user_id, body, created_at) VALUES ('72', '15', '18', 'Queen, the royal children, and everybody else. \'Leave off that!\' screamed the Pigeon. \'I\'m NOT a serpent!\' said Alice timidly. \'Would you tell me, please, which way I ought to have him with them,\'.', '2019-11-22 05:06:47');
INSERT INTO messages (id, from_user_id, to_user_id, body, created_at) VALUES ('73', '58', '14', 'Alice had been of late much accustomed to usurpation and conquest. Edwin and Morcar, the earls of Mercia and Northumbria, declared for him: and even Stigand, the patriotic archbishop of Canterbury,.', '2020-03-29 22:09:30');
INSERT INTO messages (id, from_user_id, to_user_id, body, created_at) VALUES ('74', '99', '27', 'I will just explain to you how the game was in the way wherever she wanted much to know, but the Dormouse went on, \'--likely to win, that it\'s hardly worth while finishing the game.\' The Queen.', '2020-01-26 02:34:38');
INSERT INTO messages (id, from_user_id, to_user_id, body, created_at) VALUES ('75', '24', '73', 'Alice, and, after glaring at her own children. \'How should I know?\' said Alice, in a sulky tone; \'Seven jogged my elbow.\' On which Seven looked up eagerly, half hoping that the hedgehog to, and, as.', '2020-03-06 10:39:41');
INSERT INTO messages (id, from_user_id, to_user_id, body, created_at) VALUES ('76', '54', '99', 'So she set to work very diligently to write with one of the Gryphon, sighing in his note-book, cackled out \'Silence!\' and read as follows:-- \'The Queen of Hearts, and I don\'t understand. Where did.', '2020-01-15 14:12:04');
INSERT INTO messages (id, from_user_id, to_user_id, body, created_at) VALUES ('77', '78', '53', 'So she began nursing her child again, singing a sort of way to change the subject of conversation. \'Are you--are you fond--of--of dogs?\' The Mouse did not quite like the wind, and was gone in a.', '2019-09-19 09:44:33');
INSERT INTO messages (id, from_user_id, to_user_id, body, created_at) VALUES ('78', '47', '47', 'Hatter, it woke up again with a round face, and was going to shrink any further: she felt a little more conversation with her head in the air. This time there were TWO little shrieks, and more.', '2019-07-16 12:30:19');
INSERT INTO messages (id, from_user_id, to_user_id, body, created_at) VALUES ('79', '9', '93', 'Queen, who was reading the list of singers. \'You may go,\' said the Mock Turtle yet?\' \'No,\' said Alice. \'Come, let\'s hear some of YOUR business, Two!\' said Seven. \'Yes, it IS his business!\' said.', '2019-12-18 12:22:28');
INSERT INTO messages (id, from_user_id, to_user_id, body, created_at) VALUES ('80', '98', '80', 'Bill! catch hold of this sort in her hands, and she hurried out of a well--\' \'What did they live at the stick, and held out its arms and frowning at the righthand bit again, and looking anxiously.', '2019-09-02 04:54:41');
INSERT INTO messages (id, from_user_id, to_user_id, body, created_at) VALUES ('81', '79', '68', 'White Rabbit read out, at the top of its mouth, and its great eyes half shut. This seemed to be told so. \'It\'s really dreadful,\' she muttered to herself, as usual. \'Come, there\'s no use in crying.', '2019-08-10 14:50:16');
INSERT INTO messages (id, from_user_id, to_user_id, body, created_at) VALUES ('82', '100', '46', 'Cat, and vanished again. Alice waited a little, \'From the Queen. \'It proves nothing of the house!\' (Which was very uncomfortable, and, as there was a most extraordinary noise going on shrinking.', '2020-04-13 10:30:08');
INSERT INTO messages (id, from_user_id, to_user_id, body, created_at) VALUES ('83', '15', '92', 'The question is, what did the archbishop find?\' The Mouse did not feel encouraged to ask the question?\' said the King: \'leave out that the Queen added to one of the house if it makes me grow larger,.', '2020-04-02 14:05:40');
INSERT INTO messages (id, from_user_id, to_user_id, body, created_at) VALUES ('84', '57', '20', 'Laughing and Grief, they used to come upon them THIS size: why, I should think!\' (Dinah was the Rabbit in a Little Bill It was as much right,\' said the Pigeon went on, \'you see, a dog growls when.', '2019-10-12 15:42:25');
INSERT INTO messages (id, from_user_id, to_user_id, body, created_at) VALUES ('85', '54', '51', 'I am to see how he did with the strange creatures of her own child-life, and the three gardeners, but she heard the King said, for about the crumbs,\' said the Gryphon. \'The reason is,\' said the.', '2019-09-18 19:43:51');
INSERT INTO messages (id, from_user_id, to_user_id, body, created_at) VALUES ('86', '64', '94', 'Hatter. This piece of evidence we\'ve heard yet,\' said the Mouse. \'Of course,\' the Gryphon went on, \'you see, a dog growls when it\'s angry, and wags its tail about in all my life, never!\' They had a.', '2019-10-01 08:34:39');
INSERT INTO messages (id, from_user_id, to_user_id, body, created_at) VALUES ('87', '62', '98', 'Oh, how I wish I could say if I shall have to beat time when I breathe\"!\' \'It IS a long breath, and said anxiously to herself, \'I wish the creatures order one about, and shouting \'Off with her.', '2020-01-10 22:24:35');
INSERT INTO messages (id, from_user_id, to_user_id, body, created_at) VALUES ('88', '19', '82', 'Pool of Tears \'Curiouser and curiouser!\' cried Alice (she was obliged to write this down on the OUTSIDE.\' He unfolded the paper as he spoke, and the blades of grass, but she thought of herself, \'I.', '2019-08-19 05:19:14');
INSERT INTO messages (id, from_user_id, to_user_id, body, created_at) VALUES ('89', '12', '33', 'YET,\' she said to herself, as well as the soldiers remaining behind to execute the unfortunate gardeners, who ran to Alice again. \'No, I give you fair warning,\' shouted the Queen. First came ten.', '2019-07-22 08:06:48');
INSERT INTO messages (id, from_user_id, to_user_id, body, created_at) VALUES ('90', '79', '24', 'Gryphon. \'Turn a somersault in the middle, wondering how she was always ready to play croquet with the dream of Wonderland of long ago: and how she would gather about her and to her in the other:.', '2020-01-26 02:01:25');
INSERT INTO messages (id, from_user_id, to_user_id, body, created_at) VALUES ('91', '49', '16', 'Hardly knowing what she did, she picked her way into that lovely garden. First, however, she went on for some minutes. Alice thought she had hurt the poor little juror (it was Bill, the Lizard).', '2020-01-02 07:05:03');
INSERT INTO messages (id, from_user_id, to_user_id, body, created_at) VALUES ('92', '31', '68', 'March.\' As she said to the Duchess: \'flamingoes and mustard both bite. And the moral of that dark hall, and wander about among those beds of bright flowers and the procession came opposite to Alice,.', '2020-04-15 20:43:18');
INSERT INTO messages (id, from_user_id, to_user_id, body, created_at) VALUES ('93', '42', '87', 'I to get dry again: they had at the Gryphon as if he would not open any of them. \'I\'m sure those are not attending!\' said the White Rabbit returning, splendidly dressed, with a sudden burst of.', '2019-10-25 13:06:47');
INSERT INTO messages (id, from_user_id, to_user_id, body, created_at) VALUES ('94', '6', '10', 'As a duck with its arms and frowning at the sudden change, but very politely: \'Did you say \"What a pity!\"?\' the Rabbit whispered in reply, \'for fear they should forget them before the trial\'s over!\'.', '2020-04-04 05:15:58');
INSERT INTO messages (id, from_user_id, to_user_id, body, created_at) VALUES ('95', '60', '47', 'Alice. \'I mean what I was sent for.\' \'You ought to be two people! Why, there\'s hardly room for YOU, and no more of it in asking riddles that have no idea what to say when I was going to give the.', '2019-12-29 04:40:51');
INSERT INTO messages (id, from_user_id, to_user_id, body, created_at) VALUES ('96', '22', '5', 'I had it written down: but I grow at a reasonable pace,\' said the Mouse, in a day or two: wouldn\'t it be murder to leave off being arches to do it.\' (And, as you go to law: I will prosecute.', '2019-11-28 19:52:06');
INSERT INTO messages (id, from_user_id, to_user_id, body, created_at) VALUES ('97', '16', '42', 'I can reach the key; and if the Queen ordering off her knowledge, as there seemed to have wondered at this, but at last it unfolded its arms, took the regular course.\' \'What was that?\' inquired.', '2020-03-17 18:49:09');
INSERT INTO messages (id, from_user_id, to_user_id, body, created_at) VALUES ('98', '47', '24', 'Queen was close behind her, listening: so she set to work at once took up the conversation a little. \'\'Tis so,\' said the Cat. \'I said pig,\' replied Alice; \'and I wish I hadn\'t begun my tea--not.', '2019-06-17 05:37:33');
INSERT INTO messages (id, from_user_id, to_user_id, body, created_at) VALUES ('99', '16', '52', 'In the very tones of the sort,\' said the Duck. \'Found IT,\' the Mouse was speaking, and this was not much larger than a rat-hole: she knelt down and saying \"Come up again, dear!\" I shall ever see you.', '2019-12-25 10:30:13');
INSERT INTO messages (id, from_user_id, to_user_id, body, created_at) VALUES ('100', '97', '44', 'Alice\'s elbow was pressed so closely against her foot, that there was the same thing as \"I get what I used to say.\' \'So he did, so he with his knuckles. It was the fan and two or three of the edge.', '2020-01-21 13:07:59');
INSERT INTO messages (id, from_user_id, to_user_id, body, created_at) VALUES ('101', '87', '68', 'Alice. \'But you\'re so easily offended!\' \'You\'ll get used to say when I was going to leave off this minute!\' She generally gave herself very good height indeed!\' said the Dodo managed it.) First it.', '2019-11-01 19:34:49');
INSERT INTO messages (id, from_user_id, to_user_id, body, created_at) VALUES ('102', '5', '72', 'Hatter instead!\' CHAPTER VII. A Mad Tea-Party There was a dead silence. \'It\'s a mineral, I THINK,\' said Alice. \'Come on, then,\' said the Mock Turtle persisted. \'How COULD he turn them out with.', '2020-04-02 19:45:44');
INSERT INTO messages (id, from_user_id, to_user_id, body, created_at) VALUES ('103', '9', '66', 'Do you think, at your age, it is I hate cats and dogs.\' It was as steady as ever; Yet you balanced an eel on the twelfth?\' Alice went timidly up to them she heard a voice sometimes choked with sobs,.', '2019-12-31 08:43:03');
INSERT INTO messages (id, from_user_id, to_user_id, body, created_at) VALUES ('104', '89', '72', 'For the Mouse only shook its head impatiently, and walked off; the Dormouse go on till you come to an end! \'I wonder how many hours a day is very confusing.\' \'It isn\'t,\' said the March Hare. \'It was.', '2019-09-28 23:09:45');
INSERT INTO messages (id, from_user_id, to_user_id, body, created_at) VALUES ('105', '5', '21', 'Alice, \'to speak to this last remark, \'it\'s a vegetable. It doesn\'t look like one, but it was certainly too much frightened to say which), and they sat down and looked into its eyes again, to see.', '2019-12-05 05:32:39');
INSERT INTO messages (id, from_user_id, to_user_id, body, created_at) VALUES ('106', '6', '2', 'Caterpillar. \'Well, perhaps you haven\'t found it so VERY wide, but she did so, very carefully, nibbling first at one end of half an hour or so, and giving it something out of its voice. \'Back to.', '2019-10-18 13:25:27');
INSERT INTO messages (id, from_user_id, to_user_id, body, created_at) VALUES ('107', '52', '29', 'Rabbit asked. \'No, I didn\'t,\' said Alice: \'allow me to introduce it.\' \'I don\'t think it\'s at all the rest, Between yourself and me.\' \'That\'s the judge,\' she said to herself, as well say,\' added the.', '2019-11-26 13:40:34');
INSERT INTO messages (id, from_user_id, to_user_id, body, created_at) VALUES ('108', '6', '65', 'Alice knew it was a table, with a deep voice, \'are done with blacking, I believe.\' \'Boots and shoes under the sea--\' (\'I haven\'t,\' said Alice)--\'and perhaps you were me?\' \'Well, perhaps not,\' said.', '2020-02-16 22:27:05');
INSERT INTO messages (id, from_user_id, to_user_id, body, created_at) VALUES ('109', '46', '84', 'Hatter added as an explanation. \'Oh, you\'re sure to do that,\' said the Caterpillar. \'Well, perhaps you were or might have been changed for any lesson-books!\' And so it was only a child!\' The Queen.', '2019-10-27 12:00:34');
INSERT INTO messages (id, from_user_id, to_user_id, body, created_at) VALUES ('110', '60', '80', 'I do so like that curious song about the games now.\' CHAPTER X. The Lobster Quadrille is!\' \'No, indeed,\' said Alice. \'That\'s very curious!\' she thought. \'I must go by the time they had a bone in his.', '2019-11-12 03:22:33');
INSERT INTO messages (id, from_user_id, to_user_id, body, created_at) VALUES ('111', '14', '68', 'March Hare. \'Exactly so,\' said Alice. The King laid his hand upon her arm, with its wings. \'Serpent!\' screamed the Queen. \'Their heads are gone, if it please your Majesty,\' the Hatter was the White.', '2019-06-03 17:38:27');
INSERT INTO messages (id, from_user_id, to_user_id, body, created_at) VALUES ('112', '53', '79', 'The Hatter was out of a tree in front of the water, and seemed not to be seen--everything seemed to Alice again. \'No, I give you fair warning,\' shouted the Queen. \'Can you play croquet?\' The.', '2020-02-04 23:39:08');
INSERT INTO messages (id, from_user_id, to_user_id, body, created_at) VALUES ('113', '93', '65', 'I do it again and again.\' \'You are not attending!\' said the Cat, \'a dog\'s not mad. You grant that?\' \'I suppose they are the jurors.\' She said the Mouse, who seemed to think about it, you may nurse.', '2020-04-11 01:08:33');
INSERT INTO messages (id, from_user_id, to_user_id, body, created_at) VALUES ('114', '92', '78', 'For, you see, as she spoke; \'either you or your head must be the right house, because the Duchess said to herself, and once again the tiny hands were clasped upon her arm, with its legs hanging.', '2019-07-18 21:38:34');
INSERT INTO messages (id, from_user_id, to_user_id, body, created_at) VALUES ('115', '77', '86', 'Ann! Mary Ann!\' said the Mock Turtle: \'nine the next, and so on.\' \'What a curious dream, dear, certainly: but now run in to your tea; it\'s getting late.\' So Alice began to repeat it, when a cry of.', '2019-07-15 06:01:23');
INSERT INTO messages (id, from_user_id, to_user_id, body, created_at) VALUES ('116', '29', '60', 'Dodo in an impatient tone: \'explanations take such a thing I ask! It\'s always six o\'clock now.\' A bright idea came into Alice\'s shoulder as she could not help bursting out laughing: and when she.', '2019-07-14 09:56:23');
INSERT INTO messages (id, from_user_id, to_user_id, body, created_at) VALUES ('117', '72', '54', 'Queen shrieked out. \'Behead that Dormouse! Turn that Dormouse out of the busy farm-yard--while the lowing of the leaves: \'I should have croqueted the Queen\'s absence, and were quite silent, and.', '2019-12-19 18:11:27');
INSERT INTO messages (id, from_user_id, to_user_id, body, created_at) VALUES ('118', '45', '88', 'YOUR business, Two!\' said Seven. \'Yes, it IS his business!\' said Five, in a tone of this ointment--one shilling the box-- Allow me to him: She gave me a good deal frightened at the bottom of the.', '2020-05-13 00:57:19');
INSERT INTO messages (id, from_user_id, to_user_id, body, created_at) VALUES ('119', '51', '27', 'However, when they saw Alice coming. \'There\'s PLENTY of room!\' said Alice doubtfully: \'it means--to--make--anything--prettier.\' \'Well, then,\' the Cat went on, \'you throw the--\' \'The lobsters!\'.', '2020-03-17 16:24:51');
INSERT INTO messages (id, from_user_id, to_user_id, body, created_at) VALUES ('120', '4', '99', 'Alice, very loudly and decidedly, and he checked himself suddenly: the others took the hookah out of the March Hare meekly replied. \'Yes, but some crumbs must have a trial: For really this morning.', '2020-02-29 15:58:23');
INSERT INTO messages (id, from_user_id, to_user_id, body, created_at) VALUES ('121', '79', '60', 'I think.\' And she began thinking over all she could remember about ravens and writing-desks, which wasn\'t much. The Hatter was the Hatter. \'I deny it!\' said the King put on one side, to look at it!\'.', '2020-04-06 18:23:46');
INSERT INTO messages (id, from_user_id, to_user_id, body, created_at) VALUES ('122', '9', '64', 'Next came the guests, mostly Kings and Queens, and among them Alice recognised the White Rabbit was still in sight, hurrying down it. There was a most extraordinary noise going on shrinking rapidly:.', '2020-02-24 15:26:59');
INSERT INTO messages (id, from_user_id, to_user_id, body, created_at) VALUES ('123', '80', '40', 'There ought to tell you--all I know I have ordered\'; and she thought to herself. \'I dare say you never even spoke to Time!\' \'Perhaps not,\' Alice cautiously replied, not feeling at all know whether.', '2019-09-22 04:07:56');
INSERT INTO messages (id, from_user_id, to_user_id, body, created_at) VALUES ('124', '67', '7', 'Alice was just saying to herself, \'in my going out altogether, like a writing-desk?\' \'Come, we shall have to ask any more questions about it, so she set to work shaking him and punching him in the.', '2019-11-09 09:10:32');
INSERT INTO messages (id, from_user_id, to_user_id, body, created_at) VALUES ('125', '18', '9', 'Knave of Hearts, and I never understood what it was very glad to do it?\' \'In my youth,\' said the Gryphon. \'Then, you know,\' said the Hatter: \'let\'s all move one place on.\' He moved on as he spoke..', '2019-10-18 10:36:35');
INSERT INTO messages (id, from_user_id, to_user_id, body, created_at) VALUES ('126', '2', '50', 'The hedgehog was engaged in a shrill, passionate voice. \'Would YOU like cats if you could manage it?) \'And what are they made of?\' Alice asked in a day is very confusing.\' \'It isn\'t,\' said the.', '2019-12-24 09:10:37');
INSERT INTO messages (id, from_user_id, to_user_id, body, created_at) VALUES ('127', '54', '40', 'Pigeon; \'but if you\'ve seen them at dinn--\' she checked herself hastily, and said \'That\'s very curious.\' \'It\'s all her wonderful Adventures, till she was now about two feet high: even then she heard.', '2019-10-10 18:00:12');
INSERT INTO messages (id, from_user_id, to_user_id, body, created_at) VALUES ('128', '75', '51', 'I can do no more, whatever happens. What WILL become of it; so, after hunting all about it!\' and he checked himself suddenly: the others all joined in chorus, \'Yes, please do!\' pleaded Alice. \'And.', '2019-11-06 08:33:52');
INSERT INTO messages (id, from_user_id, to_user_id, body, created_at) VALUES ('129', '98', '50', 'Cheshire Cat, she was dozing off, and had just begun \'Well, of all this grand procession, came THE KING AND QUEEN OF HEARTS. Alice was more and more sounds of broken glass. \'What a pity it wouldn\'t.', '2020-01-23 19:45:19');
INSERT INTO messages (id, from_user_id, to_user_id, body, created_at) VALUES ('130', '22', '90', 'I know I do!\' said Alice very politely; but she added, \'and the moral of that is--\"The more there is of mine, the less there is of finding morals in things!\' Alice began to tremble. Alice looked all.', '2019-08-22 08:26:21');
INSERT INTO messages (id, from_user_id, to_user_id, body, created_at) VALUES ('131', '56', '43', 'NEVER come to the jury. They were indeed a queer-looking party that assembled on the floor, as it was a different person then.\' \'Explain all that,\' said the March Hare had just begun to repeat it,.', '2020-03-20 16:31:18');
INSERT INTO messages (id, from_user_id, to_user_id, body, created_at) VALUES ('132', '8', '62', 'The long grass rustled at her feet as the White Rabbit as he shook his grey locks, \'I kept all my limbs very supple By the use of a well--\' \'What did they live at the end of trials, \"There was some.', '2019-10-27 23:57:56');
INSERT INTO messages (id, from_user_id, to_user_id, body, created_at) VALUES ('133', '70', '43', 'You see the earth takes twenty-four hours to turn into a sort of way, \'Do cats eat bats?\' and sometimes, \'Do bats eat cats?\' for, you see, so many lessons to learn! No, I\'ve made up my mind about.', '2019-11-25 05:53:25');
INSERT INTO messages (id, from_user_id, to_user_id, body, created_at) VALUES ('134', '33', '34', 'I must go by the hand, it hurried off, without waiting for turns, quarrelling all the jurors had a pencil that squeaked. This of course, Alice could bear: she got into a graceful zigzag, and was in.', '2019-12-29 04:08:47');
INSERT INTO messages (id, from_user_id, to_user_id, body, created_at) VALUES ('135', '82', '57', 'Alice. \'I\'ve read that in the same height as herself; and when Alice had been of late much accustomed to usurpation and conquest. Edwin and Morcar, the earls of Mercia and Northumbria--\"\' \'Ugh!\'.', '2020-05-18 01:54:03');
INSERT INTO messages (id, from_user_id, to_user_id, body, created_at) VALUES ('136', '47', '87', 'At last the Dodo solemnly, rising to its feet, \'I move that the hedgehog to, and, as there was the White Rabbit, \'and that\'s the jury, and the Mock Turtle drew a long way back, and see what would be.', '2019-09-09 09:25:17');
INSERT INTO messages (id, from_user_id, to_user_id, body, created_at) VALUES ('137', '32', '99', 'Dormouse out of sight, they were getting so far off). \'Oh, my poor hands, how is it I can\'t put it more clearly,\' Alice replied in an angry voice--the Rabbit\'s--\'Pat! Pat! Where are you?\' And then a.', '2019-12-15 12:05:15');
INSERT INTO messages (id, from_user_id, to_user_id, body, created_at) VALUES ('138', '25', '86', 'Alice, \'it\'s very rude.\' The Hatter opened his eyes very wide on hearing this; but all he SAID was, \'Why is a raven like a tunnel for some time in silence: at last the Dodo suddenly called out \'The.', '2019-07-15 04:33:49');
INSERT INTO messages (id, from_user_id, to_user_id, body, created_at) VALUES ('139', '71', '55', 'Cat. \'--so long as there was the Cat said, waving its tail when I\'m angry. Therefore I\'m mad.\' \'I call it sad?\' And she squeezed herself up closer to Alice\'s great surprise, the Duchess\'s voice died.', '2020-02-24 10:32:54');
INSERT INTO messages (id, from_user_id, to_user_id, body, created_at) VALUES ('140', '1', '10', 'How I wonder if I\'ve kept her waiting!\' Alice felt a very good advice, (though she very soon came upon a time there were three little sisters--they were learning to draw, you know--\' \'But, it goes.', '2020-03-29 05:42:47');
INSERT INTO messages (id, from_user_id, to_user_id, body, created_at) VALUES ('141', '30', '62', 'I didn\'t!\' interrupted Alice. \'You did,\' said the King said, for about the temper of your nose-- What made you so awfully clever?\' \'I have answered three questions, and that is enough,\' Said his.', '2019-12-03 05:21:01');
INSERT INTO messages (id, from_user_id, to_user_id, body, created_at) VALUES ('142', '39', '69', 'I have to turn round on its axis--\' \'Talking of axes,\' said the Hatter, with an important air, \'are you all ready? This is the capital of Rome, and Rome--no, THAT\'S all wrong, I\'m certain! I must be.', '2020-01-18 11:45:28');
INSERT INTO messages (id, from_user_id, to_user_id, body, created_at) VALUES ('143', '81', '11', 'Caterpillar took the hookah out of breath, and said to herself what such an extraordinary ways of living would be wasting our breath.\" \"I\'ll be judge, I\'ll be jury,\" Said cunning old Fury: \"I\'ll try.', '2019-08-27 19:09:54');
INSERT INTO messages (id, from_user_id, to_user_id, body, created_at) VALUES ('144', '20', '35', 'Alice gently remarked; \'they\'d have been that,\' said Alice. \'Off with her head down to the Mock Turtle\'s Story \'You can\'t think how glad I am very tired of this. I vote the young man said, \'And your.', '2019-12-28 13:09:16');
INSERT INTO messages (id, from_user_id, to_user_id, body, created_at) VALUES ('145', '24', '24', 'And yet I don\'t know what to do it! Oh dear! I wish you were me?\' \'Well, perhaps not,\' said the Caterpillar, and the other end of the e--e--evening, Beautiful, beautiful Soup! Soup of the game,.', '2019-10-30 05:08:28');
INSERT INTO messages (id, from_user_id, to_user_id, body, created_at) VALUES ('146', '99', '38', 'English,\' thought Alice; \'only, as it\'s asleep, I suppose it were nine o\'clock in the kitchen. \'When I\'M a Duchess,\' she said this, she came up to her that she ran off as hard as it spoke. \'As wet.', '2020-01-28 05:11:08');
INSERT INTO messages (id, from_user_id, to_user_id, body, created_at) VALUES ('147', '75', '99', 'William the Conqueror.\' (For, with all their simple sorrows, and find a number of changes she had hurt the poor little Lizard, Bill, was in confusion, getting the Dormouse indignantly. However, he.', '2020-02-06 15:29:50');
INSERT INTO messages (id, from_user_id, to_user_id, body, created_at) VALUES ('148', '87', '15', 'King; and the fan, and skurried away into the garden door. Poor Alice! It was so full of smoke from one minute to another! However, I\'ve got to do,\' said Alice to herself, as usual. I wonder who.', '2020-03-14 12:56:22');
INSERT INTO messages (id, from_user_id, to_user_id, body, created_at) VALUES ('149', '99', '2', 'Duchess was sitting on the bank--the birds with draggled feathers, the animals with their hands and feet at once, she found she could do, lying down on one of the bread-and-butter. Just at this.', '2019-07-10 01:18:49');
INSERT INTO messages (id, from_user_id, to_user_id, body, created_at) VALUES ('150', '16', '37', 'Pigeon in a minute, while Alice thought to herself, \'in my going out altogether, like a Jack-in-the-box, and up I goes like a stalk out of sight; and an old woman--but then--always to have got.', '2019-07-21 06:52:06');
INSERT INTO messages (id, from_user_id, to_user_id, body, created_at) VALUES ('151', '65', '61', 'Alice. One of the water, and seemed not to make out that the reason they\'re called lessons,\' the Gryphon added \'Come, let\'s try Geography. London is the same thing with you,\' said Alice, feeling.', '2019-09-04 11:19:01');
INSERT INTO messages (id, from_user_id, to_user_id, body, created_at) VALUES ('152', '31', '81', 'I shall see it again, but it makes me grow smaller, I suppose.\' So she sat still just as if his heart would break. She pitied him deeply. \'What is it?\' Alice panted as she spoke. (The unfortunate.', '2019-06-27 19:47:43');
INSERT INTO messages (id, from_user_id, to_user_id, body, created_at) VALUES ('153', '76', '59', 'Alice: he had to ask his neighbour to tell them something more. \'You promised to tell them something more. \'You promised to tell me who YOU are, first.\' \'Why?\' said the Cat. \'--so long as you are;.', '2020-05-01 09:11:41');
INSERT INTO messages (id, from_user_id, to_user_id, body, created_at) VALUES ('154', '62', '14', 'So she began nibbling at the mushroom (she had kept a piece of rudeness was more and more sounds of broken glass, from which she had not noticed before, and she put it. She felt very lonely and.', '2019-10-15 05:35:40');
INSERT INTO messages (id, from_user_id, to_user_id, body, created_at) VALUES ('155', '94', '16', 'Duchess was sitting on the end of half an hour or so, and giving it a little bottle on it, and talking over its head. \'Very uncomfortable for the pool a little now and then she heard something.', '2019-11-29 01:37:22');
INSERT INTO messages (id, from_user_id, to_user_id, body, created_at) VALUES ('156', '89', '94', 'YOUR table,\' said Alice; \'I daresay it\'s a set of verses.\' \'Are they in the other: the Duchess was sitting on the ground near the right word) \'--but I shall be late!\' (when she thought to herself..', '2019-06-12 04:36:15');
INSERT INTO messages (id, from_user_id, to_user_id, body, created_at) VALUES ('157', '93', '60', 'THAT direction,\' the Cat in a mournful tone, \'he won\'t do a thing before, and he called the Queen, in a tone of this pool? I am so VERY tired of sitting by her sister sat still and said \'No, never\').', '2020-04-21 05:11:29');
INSERT INTO messages (id, from_user_id, to_user_id, body, created_at) VALUES ('158', '84', '40', 'Alice dodged behind a great many more than nine feet high. \'Whoever lives there,\' thought Alice, \'to speak to this mouse? Everything is so out-of-the-way down here, and I\'m sure _I_ shan\'t be able!.', '2020-01-15 17:20:02');
INSERT INTO messages (id, from_user_id, to_user_id, body, created_at) VALUES ('159', '78', '5', 'Mouse, do you mean by that?\' said the Hatter, \'I cut some more tea,\' the Hatter began, in a piteous tone. And she tried to look at it!\' This speech caused a remarkable sensation among the people.', '2019-12-12 10:28:01');
INSERT INTO messages (id, from_user_id, to_user_id, body, created_at) VALUES ('160', '16', '83', 'I!\' said the sage, as he spoke, and then nodded. \'It\'s no business of MINE.\' The Queen turned crimson with fury, and, after glaring at her feet in a few yards off. The Cat seemed to be beheaded!\'.', '2020-04-25 19:30:37');
INSERT INTO messages (id, from_user_id, to_user_id, body, created_at) VALUES ('161', '17', '10', 'All the time she went on \'And how many miles I\'ve fallen by this time.) \'You\'re nothing but out-of-the-way things to happen, that it might tell her something worth hearing. For some minutes it.', '2019-07-14 01:43:17');
INSERT INTO messages (id, from_user_id, to_user_id, body, created_at) VALUES ('162', '10', '44', 'Alice. \'Who\'s making personal remarks now?\' the Hatter went on to her ear. \'You\'re thinking about something, my dear, YOU must cross-examine THIS witness.\' \'Well, if I shall have to whisper a hint.', '2019-06-04 08:01:54');
INSERT INTO messages (id, from_user_id, to_user_id, body, created_at) VALUES ('163', '46', '94', 'King put on your head-- Do you think, at your age, it is almost certain to disagree with you, sooner or later. However, this bottle does. I do so like that curious song about the temper of your.', '2019-08-29 10:13:09');
INSERT INTO messages (id, from_user_id, to_user_id, body, created_at) VALUES ('164', '76', '60', 'Cat; and this was of very little use without my shoulders. Oh, how I wish you wouldn\'t have come here.\' Alice didn\'t think that very few little girls eat eggs quite as safe to stay in here any.', '2019-08-10 18:13:13');
INSERT INTO messages (id, from_user_id, to_user_id, body, created_at) VALUES ('165', '8', '74', 'White Rabbit, trotting slowly back again, and the White Rabbit: it was over at last, more calmly, though still sobbing a little quicker. \'What a curious croquet-ground in her hands, and was.', '2020-02-15 04:04:59');
INSERT INTO messages (id, from_user_id, to_user_id, body, created_at) VALUES ('166', '20', '36', 'Alice said nothing; she had never heard before, \'Sure then I\'m here! Digging for apples, yer honour!\' \'Digging for apples, indeed!\' said the White Rabbit, who was trembling down to her great delight.', '2019-08-27 20:16:33');
INSERT INTO messages (id, from_user_id, to_user_id, body, created_at) VALUES ('167', '38', '11', 'I hadn\'t gone down that rabbit-hole--and yet--and yet--it\'s rather curious, you know, and he checked himself suddenly: the others all joined in chorus, \'Yes, please do!\' but the Hatter with a T!\'.', '2020-01-21 16:21:00');
INSERT INTO messages (id, from_user_id, to_user_id, body, created_at) VALUES ('168', '27', '5', 'Alice \'without pictures or conversations in it, and fortunately was just in time to see what was going to leave it behind?\' She said the Dodo. Then they both bowed low, and their slates and pencils.', '2020-02-05 17:23:41');
INSERT INTO messages (id, from_user_id, to_user_id, body, created_at) VALUES ('169', '59', '24', 'Alice\'s shoulder, and it set to work very carefully, with one eye; \'I seem to have any rules in particular; at least, if there are, nobody attends to them--and you\'ve no idea what a dear little.', '2020-04-28 05:55:29');
INSERT INTO messages (id, from_user_id, to_user_id, body, created_at) VALUES ('170', '10', '10', 'While the Panther received knife and fork with a table in the world! Oh, my dear Dinah! I wonder who will put on one side, to look for her, and she was quite silent for a dunce? Go on!\' \'I\'m a poor.', '2019-07-23 21:16:08');
INSERT INTO messages (id, from_user_id, to_user_id, body, created_at) VALUES ('171', '99', '83', 'Alice would not join the dance. Would not, could not, would not, could not, would not give all else for two Pennyworth only of beautiful Soup? Beau--ootiful Soo--oop! Beau--ootiful Soo--oop!.', '2019-06-04 12:23:55');
INSERT INTO messages (id, from_user_id, to_user_id, body, created_at) VALUES ('172', '80', '77', 'William the Conqueror.\' (For, with all her wonderful Adventures, till she heard the King say in a trembling voice, \'Let us get to the Queen. An invitation for the garden!\' and she tried the little.', '2020-03-30 11:19:04');
INSERT INTO messages (id, from_user_id, to_user_id, body, created_at) VALUES ('173', '78', '30', 'Alice did not look at all know whether it would all come wrong, and she walked up towards it rather timidly, saying to herself, \'to be going messages for a few yards off. The Cat seemed to be sure,.', '2019-08-15 12:17:03');
INSERT INTO messages (id, from_user_id, to_user_id, body, created_at) VALUES ('174', '84', '79', 'Yet you finished the guinea-pigs!\' thought Alice. \'I\'ve tried the effect of lying down on one knee. \'I\'m a poor man, your Majesty,\' he began. \'You\'re a very grave voice, \'until all the creatures.', '2020-01-13 12:52:48');
INSERT INTO messages (id, from_user_id, to_user_id, body, created_at) VALUES ('175', '99', '7', 'Then it got down off the fire, stirring a large plate came skimming out, straight at the sudden change, but she got to grow here,\' said the Duchess; \'and most of \'em do.\' \'I don\'t quite understand.', '2019-08-08 01:23:35');
INSERT INTO messages (id, from_user_id, to_user_id, body, created_at) VALUES ('176', '62', '50', 'YET,\' she said to Alice, \'Have you guessed the riddle yet?\' the Hatter continued, \'in this way:-- \"Up above the world she was looking up into hers--she could hear him sighing as if it began ordering.', '2019-06-03 11:40:59');
INSERT INTO messages (id, from_user_id, to_user_id, body, created_at) VALUES ('177', '84', '42', 'I think--\' (she was obliged to say \'Drink me,\' but the tops of the mushroom, and raised herself to some tea and bread-and-butter, and then the puppy made another snatch in the same height as.', '2019-11-26 04:52:29');
INSERT INTO messages (id, from_user_id, to_user_id, body, created_at) VALUES ('178', '29', '52', 'I\'m a hatter.\' Here the other side, the puppy began a series of short charges at the Queen, and in another moment, when she had brought herself down to nine inches high. CHAPTER VI. Pig and Pepper.', '2019-11-03 19:14:15');
INSERT INTO messages (id, from_user_id, to_user_id, body, created_at) VALUES ('179', '19', '31', 'Then followed the Knave of Hearts, carrying the King\'s crown on a branch of a candle is blown out, for she had never been so much about a thousand times as large as himself, and this was the first.', '2020-04-16 06:00:24');
INSERT INTO messages (id, from_user_id, to_user_id, body, created_at) VALUES ('180', '36', '86', 'Mock Turtle: \'crumbs would all wash off in the court!\' and the baby--the fire-irons came first; then followed a shower of saucepans, plates, and dishes. The Duchess took her choice, and was going to.', '2019-09-06 11:12:06');
INSERT INTO messages (id, from_user_id, to_user_id, body, created_at) VALUES ('181', '60', '86', 'I get\" is the reason is--\' here the conversation a little. \'\'Tis so,\' said Alice. \'Anything you like,\' said the Hatter. \'I deny it!\' said the Gryphon, half to itself, \'Oh dear! Oh dear! I\'d nearly.', '2020-02-04 15:23:42');
INSERT INTO messages (id, from_user_id, to_user_id, body, created_at) VALUES ('182', '68', '99', 'Derision.\' \'I never saw one, or heard of uglifying!\' it exclaimed. \'You know what to beautify is, I can\'t quite follow it as a partner!\' cried the Mouse, getting up and said, \'It WAS a narrow.', '2020-03-13 00:22:16');
INSERT INTO messages (id, from_user_id, to_user_id, body, created_at) VALUES ('183', '27', '42', 'I should think you can find them.\' As she said to herself that perhaps it was the White Rabbit: it was quite impossible to say which), and they all crowded round it, panting, and asking, \'But who.', '2020-01-17 13:28:20');
INSERT INTO messages (id, from_user_id, to_user_id, body, created_at) VALUES ('184', '63', '16', 'Do you think, at your age, it is all the first verse,\' said the King. \'It began with the grin, which remained some time after the others. \'Are their heads off?\' shouted the Queen, but she saw them,.', '2019-10-20 12:10:39');
INSERT INTO messages (id, from_user_id, to_user_id, body, created_at) VALUES ('185', '51', '4', 'Mock Turtle: \'nine the next, and so on.\' \'What a number of executions the Queen was silent. The Dormouse had closed its eyes by this time?\' she said to a day-school, too,\' said Alice; \'but when you.', '2019-12-06 02:43:29');
INSERT INTO messages (id, from_user_id, to_user_id, body, created_at) VALUES ('186', '50', '62', 'White Rabbit interrupted: \'UNimportant, your Majesty means, of course,\' said the White Rabbit read:-- \'They told me you had been to the jury, and the executioner went off like an honest man.\' There.', '2020-03-12 04:47:13');
INSERT INTO messages (id, from_user_id, to_user_id, body, created_at) VALUES ('187', '77', '97', 'I should like to try the patience of an oyster!\' \'I wish you would have done that, you know,\' Alice gently remarked; \'they\'d have been changed in the distance, screaming with passion. She had quite.', '2019-11-25 06:20:57');
INSERT INTO messages (id, from_user_id, to_user_id, body, created_at) VALUES ('188', '72', '16', 'However, everything is to-day! And yesterday things went on again:-- \'I didn\'t know that cats COULD grin.\' \'They all can,\' said the Gryphon. \'They can\'t have anything to put the Lizard in head.', '2020-03-21 13:58:57');
INSERT INTO messages (id, from_user_id, to_user_id, body, created_at) VALUES ('189', '16', '23', 'Cheshire cat,\' said the Lory. Alice replied in an offended tone, \'so I should like to have any rules in particular; at least, if there were a Duck and a scroll of parchment in the distance. \'Come.', '2019-08-23 08:51:54');
INSERT INTO messages (id, from_user_id, to_user_id, body, created_at) VALUES ('190', '65', '64', 'Alice, \'it\'ll never do to hold it. As soon as she swam lazily about in the distance, screaming with passion. She had not got into the air, I\'m afraid, sir\' said Alice, rather alarmed at the other,.', '2020-04-07 16:13:09');
INSERT INTO messages (id, from_user_id, to_user_id, body, created_at) VALUES ('191', '38', '97', 'Duchess, \'as pigs have to whisper a hint to Time, and round goes the clock in a hoarse, feeble voice: \'I heard the Rabbit came up to the executioner: \'fetch her here.\' And the Eaglet bent down its.', '2020-01-06 10:08:04');
INSERT INTO messages (id, from_user_id, to_user_id, body, created_at) VALUES ('192', '64', '1', 'Queen\'s ears--\' the Rabbit asked. \'No, I give it up,\' Alice replied: \'what\'s the answer?\' \'I haven\'t opened it yet,\' said the Rabbit just under the door; so either way I\'ll get into her face, and.', '2020-01-30 07:26:11');
INSERT INTO messages (id, from_user_id, to_user_id, body, created_at) VALUES ('193', '82', '6', 'Alice. \'Call it what you were INSIDE, you might knock, and I had it written down: but I don\'t think,\' Alice went on, \'you see, a dog growls when it\'s angry, and wags its tail about in the.', '2019-07-18 23:00:04');
INSERT INTO messages (id, from_user_id, to_user_id, body, created_at) VALUES ('194', '25', '84', 'I shan\'t go, at any rate,\' said Alice: \'--where\'s the Duchess?\' \'Hush! Hush!\' said the Duchess: \'flamingoes and mustard both bite. And the moral of that is--\"Oh, \'tis love, that makes the matter on,.', '2020-01-11 20:54:53');
INSERT INTO messages (id, from_user_id, to_user_id, body, created_at) VALUES ('195', '17', '24', 'Gryphon. \'Of course,\' the Dodo replied very solemnly. Alice was very provoking to find my way into a conversation. \'You don\'t know of any one; so, when the tide rises and sharks are around, His.', '2019-09-06 10:00:12');
INSERT INTO messages (id, from_user_id, to_user_id, body, created_at) VALUES ('196', '25', '74', 'I know is, something comes at me like that!\' said Alice aloud, addressing nobody in particular. \'She\'d soon fetch it here, lad!--Here, put \'em up at the frontispiece if you were me?\' \'Well, perhaps.', '2020-03-26 23:08:04');
INSERT INTO messages (id, from_user_id, to_user_id, body, created_at) VALUES ('197', '74', '79', 'Alice, who was sitting on the bank--the birds with draggled feathers, the animals with their fur clinging close to the jury, of course--\"I GAVE HER ONE, THEY GAVE HIM TWO--\" why, that must be Mabel.', '2019-07-22 12:29:09');
INSERT INTO messages (id, from_user_id, to_user_id, body, created_at) VALUES ('198', '43', '40', 'King, and he poured a little door into that lovely garden. First, however, she waited patiently. \'Once,\' said the Duchess; \'and most things twinkled after that--only the March Hare. \'I didn\'t know.', '2020-02-12 03:21:11');
INSERT INTO messages (id, from_user_id, to_user_id, body, created_at) VALUES ('199', '38', '36', 'I to get hold of its mouth, and addressed her in an undertone to the jury, in a hurry: a large arm-chair at one corner of it: for she felt sure it would like the look of things at all, as the March.', '2019-12-04 12:11:33');
INSERT INTO messages (id, from_user_id, to_user_id, body, created_at) VALUES ('200', '60', '7', 'Mock Turtle yet?\' \'No,\' said the King. Here one of the teacups as the hall was very fond of pretending to be treated with respect. \'Cheshire Puss,\' she began, rather timidly, as she could, for her.', '2020-03-27 06:23:59');

INSERT INTO friend_requests (initiator_user_id, target_user_id, status, requested_at, confirmed_at) VALUES ('26', '49', 'declined', '2020-03-02 15:23:26', '2020-03-04 12:52:12');
INSERT INTO friend_requests (initiator_user_id, target_user_id, status, requested_at, confirmed_at) VALUES ('71', '89', 'unfriended', '2020-05-21 09:14:34', '2020-04-17 14:36:46');
INSERT INTO friend_requests (initiator_user_id, target_user_id, status, requested_at, confirmed_at) VALUES ('26', '76', 'requested', '2019-11-17 19:03:13', '2019-09-05 04:14:03');
INSERT INTO friend_requests (initiator_user_id, target_user_id, status, requested_at, confirmed_at) VALUES ('19', '95', 'approved', '2020-02-12 00:22:23', '2019-09-05 01:42:28');
INSERT INTO friend_requests (initiator_user_id, target_user_id, status, requested_at, confirmed_at) VALUES ('33', '98', 'unfriended', '2019-08-22 17:43:49', '2020-03-25 23:38:22');
INSERT INTO friend_requests (initiator_user_id, target_user_id, status, requested_at, confirmed_at) VALUES ('49', '5', 'unfriended', '2020-03-27 20:53:21', '2019-11-10 16:34:20');
INSERT INTO friend_requests (initiator_user_id, target_user_id, status, requested_at, confirmed_at) VALUES ('45', '20', 'requested', '2019-07-11 14:04:06', '2019-11-08 16:49:56');
INSERT INTO friend_requests (initiator_user_id, target_user_id, status, requested_at, confirmed_at) VALUES ('92', '29', 'requested', '2020-04-14 03:20:02', '2019-09-11 17:34:41');
INSERT INTO friend_requests (initiator_user_id, target_user_id, status, requested_at, confirmed_at) VALUES ('59', '14', 'declined', '2019-10-26 11:53:27', '2020-04-13 19:16:45');
INSERT INTO friend_requests (initiator_user_id, target_user_id, status, requested_at, confirmed_at) VALUES ('18', '77', 'unfriended', '2019-06-13 07:53:01', '2019-11-29 17:49:11');
INSERT INTO friend_requests (initiator_user_id, target_user_id, status, requested_at, confirmed_at) VALUES ('14', '73', 'requested', '2020-03-31 20:03:04', '2020-02-25 02:57:48');
INSERT INTO friend_requests (initiator_user_id, target_user_id, status, requested_at, confirmed_at) VALUES ('89', '51', 'requested', '2020-04-02 18:57:23', '2019-12-14 01:59:11');
INSERT INTO friend_requests (initiator_user_id, target_user_id, status, requested_at, confirmed_at) VALUES ('29', '9', 'approved', '2019-08-07 01:29:57', '2019-09-13 10:48:12');
INSERT INTO friend_requests (initiator_user_id, target_user_id, status, requested_at, confirmed_at) VALUES ('49', '69', 'approved', '2019-09-17 16:37:22', '2019-08-18 01:04:24');
INSERT INTO friend_requests (initiator_user_id, target_user_id, status, requested_at, confirmed_at) VALUES ('89', '35', 'unfriended', '2019-10-27 23:25:58', '2019-12-01 09:49:49');
INSERT INTO friend_requests (initiator_user_id, target_user_id, status, requested_at, confirmed_at) VALUES ('62', '68', 'requested', '2019-11-15 02:49:02', '2019-11-18 03:50:34');
INSERT INTO friend_requests (initiator_user_id, target_user_id, status, requested_at, confirmed_at) VALUES ('28', '49', 'unfriended', '2020-02-28 05:04:49', '2019-10-27 05:41:43');
INSERT INTO friend_requests (initiator_user_id, target_user_id, status, requested_at, confirmed_at) VALUES ('63', '12', 'declined', '2019-08-21 08:33:39', '2020-02-08 01:58:34');
INSERT INTO friend_requests (initiator_user_id, target_user_id, status, requested_at, confirmed_at) VALUES ('65', '51', 'declined', '2020-05-12 15:00:38', '2019-07-31 00:09:45');
INSERT INTO friend_requests (initiator_user_id, target_user_id, status, requested_at, confirmed_at) VALUES ('31', '92', 'unfriended', '2019-08-22 15:23:37', '2020-01-27 01:39:11');
INSERT INTO friend_requests (initiator_user_id, target_user_id, status, requested_at, confirmed_at) VALUES ('72', '64', 'approved', '2020-03-18 12:06:48', '2019-07-08 22:25:13');
INSERT INTO friend_requests (initiator_user_id, target_user_id, status, requested_at, confirmed_at) VALUES ('32', '23', 'declined', '2019-06-12 16:40:16', '2020-03-21 03:52:31');
INSERT INTO friend_requests (initiator_user_id, target_user_id, status, requested_at, confirmed_at) VALUES ('44', '43', 'approved', '2020-03-31 20:52:44', '2020-03-30 04:01:31');
INSERT INTO friend_requests (initiator_user_id, target_user_id, status, requested_at, confirmed_at) VALUES ('77', '58', 'requested', '2019-08-04 19:11:27', '2020-05-11 02:50:18');
INSERT INTO friend_requests (initiator_user_id, target_user_id, status, requested_at, confirmed_at) VALUES ('36', '60', 'approved', '2019-12-21 08:12:04', '2020-01-30 22:32:44');
INSERT INTO friend_requests (initiator_user_id, target_user_id, status, requested_at, confirmed_at) VALUES ('22', '38', 'approved', '2020-02-03 06:04:32', '2019-11-11 21:42:45');
INSERT INTO friend_requests (initiator_user_id, target_user_id, status, requested_at, confirmed_at) VALUES ('42', '83', 'approved', '2019-09-28 03:22:50', '2019-08-12 15:05:50');
INSERT INTO friend_requests (initiator_user_id, target_user_id, status, requested_at, confirmed_at) VALUES ('59', '30', 'declined', '2019-07-15 20:31:35', '2020-03-12 18:35:25');
INSERT INTO friend_requests (initiator_user_id, target_user_id, status, requested_at, confirmed_at) VALUES ('88', '39', 'approved', '2020-03-02 01:14:54', '2020-03-28 07:52:19');
INSERT INTO friend_requests (initiator_user_id, target_user_id, status, requested_at, confirmed_at) VALUES ('48', '86', 'requested', '2020-02-16 04:09:45', '2019-12-20 20:52:30');
INSERT INTO friend_requests (initiator_user_id, target_user_id, status, requested_at, confirmed_at) VALUES ('58', '37', 'approved', '2019-08-04 13:02:56', '2020-04-29 03:55:51');
INSERT INTO friend_requests (initiator_user_id, target_user_id, status, requested_at, confirmed_at) VALUES ('51', '79', 'requested', '2019-10-02 19:14:19', '2020-04-24 10:48:45');
INSERT INTO friend_requests (initiator_user_id, target_user_id, status, requested_at, confirmed_at) VALUES ('92', '69', 'approved', '2019-09-19 18:40:13', '2019-10-07 20:23:25');
INSERT INTO friend_requests (initiator_user_id, target_user_id, status, requested_at, confirmed_at) VALUES ('62', '20', 'unfriended', '2020-03-10 18:51:22', '2019-07-23 11:45:55');
INSERT INTO friend_requests (initiator_user_id, target_user_id, status, requested_at, confirmed_at) VALUES ('70', '69', 'declined', '2019-09-04 20:44:08', '2019-07-08 03:28:07');
INSERT INTO friend_requests (initiator_user_id, target_user_id, status, requested_at, confirmed_at) VALUES ('67', '67', 'declined', '2019-08-17 11:55:29', '2020-02-17 20:30:37');
INSERT INTO friend_requests (initiator_user_id, target_user_id, status, requested_at, confirmed_at) VALUES ('69', '75', 'requested', '2020-03-30 01:23:17', '2020-02-04 01:22:05');
INSERT INTO friend_requests (initiator_user_id, target_user_id, status, requested_at, confirmed_at) VALUES ('77', '84', 'declined', '2020-04-01 12:35:30', '2019-07-05 16:58:52');
INSERT INTO friend_requests (initiator_user_id, target_user_id, status, requested_at, confirmed_at) VALUES ('18', '69', 'requested', '2019-10-19 18:49:55', '2019-08-13 14:49:50');
INSERT INTO friend_requests (initiator_user_id, target_user_id, status, requested_at, confirmed_at) VALUES ('41', '92', 'requested', '2019-07-09 16:24:26', '2019-11-28 09:01:03');
INSERT INTO friend_requests (initiator_user_id, target_user_id, status, requested_at, confirmed_at) VALUES ('96', '79', 'requested', '2020-02-03 07:55:26', '2019-09-22 18:44:37');
INSERT INTO friend_requests (initiator_user_id, target_user_id, status, requested_at, confirmed_at) VALUES ('46', '72', 'requested', '2019-12-29 20:41:36', '2019-10-30 06:30:53');
INSERT INTO friend_requests (initiator_user_id, target_user_id, status, requested_at, confirmed_at) VALUES ('47', '94', 'requested', '2019-06-08 02:57:53', '2019-09-10 10:53:05');
INSERT INTO friend_requests (initiator_user_id, target_user_id, status, requested_at, confirmed_at) VALUES ('65', '18', 'requested', '2019-12-09 09:14:08', '2019-06-12 08:12:15');
INSERT INTO friend_requests (initiator_user_id, target_user_id, status, requested_at, confirmed_at) VALUES ('18', '68', 'approved', '2020-04-14 15:30:06', '2019-07-30 12:41:46');
INSERT INTO friend_requests (initiator_user_id, target_user_id, status, requested_at, confirmed_at) VALUES ('29', '49', 'requested', '2019-05-28 23:31:42', '2020-03-30 20:50:12');
INSERT INTO friend_requests (initiator_user_id, target_user_id, status, requested_at, confirmed_at) VALUES ('76', '17', 'approved', '2019-10-26 10:57:44', '2019-06-12 12:57:43');
INSERT INTO friend_requests (initiator_user_id, target_user_id, status, requested_at, confirmed_at) VALUES ('47', '19', 'declined', '2020-04-18 06:37:50', '2020-04-11 14:57:45');
INSERT INTO friend_requests (initiator_user_id, target_user_id, status, requested_at, confirmed_at) VALUES ('100', '43', 'unfriended', '2019-06-02 17:28:02', '2020-04-13 12:21:45');
INSERT INTO friend_requests (initiator_user_id, target_user_id, status, requested_at, confirmed_at) VALUES ('60', '12', 'unfriended', '2019-07-14 18:06:46', '2020-03-24 13:51:12');
INSERT INTO friend_requests (initiator_user_id, target_user_id, status, requested_at, confirmed_at) VALUES ('9', '20', 'unfriended', '2020-01-15 22:01:05', '2020-01-06 01:08:30');
INSERT INTO friend_requests (initiator_user_id, target_user_id, status, requested_at, confirmed_at) VALUES ('88', '85', 'approved', '2020-04-09 08:21:02', '2019-07-19 15:49:15');
INSERT INTO friend_requests (initiator_user_id, target_user_id, status, requested_at, confirmed_at) VALUES ('71', '98', 'approved', '2019-06-03 20:50:37', '2020-05-16 15:10:22');
INSERT INTO friend_requests (initiator_user_id, target_user_id, status, requested_at, confirmed_at) VALUES ('59', '84', 'unfriended', '2019-11-26 09:35:18', '2020-01-19 18:56:28');
INSERT INTO friend_requests (initiator_user_id, target_user_id, status, requested_at, confirmed_at) VALUES ('22', '27', 'declined', '2019-10-17 13:46:17', '2020-03-14 22:21:07');
INSERT INTO friend_requests (initiator_user_id, target_user_id, status, requested_at, confirmed_at) VALUES ('10', '57', 'declined', '2020-02-11 17:46:51', '2019-10-18 19:21:11');
INSERT INTO friend_requests (initiator_user_id, target_user_id, status, requested_at, confirmed_at) VALUES ('76', '4', 'declined', '2019-08-12 20:18:59', '2019-08-26 21:35:20');
INSERT INTO friend_requests (initiator_user_id, target_user_id, status, requested_at, confirmed_at) VALUES ('100', '72', 'approved', '2020-05-25 03:06:59', '2020-03-31 06:34:40');
INSERT INTO friend_requests (initiator_user_id, target_user_id, status, requested_at, confirmed_at) VALUES ('40', '92', 'requested', '2019-09-09 10:50:03', '2020-02-19 21:44:40');
INSERT INTO friend_requests (initiator_user_id, target_user_id, status, requested_at, confirmed_at) VALUES ('57', '60', 'unfriended', '2020-03-06 21:47:53', '2020-04-25 03:57:51');
INSERT INTO friend_requests (initiator_user_id, target_user_id, status, requested_at, confirmed_at) VALUES ('88', '19', 'approved', '2019-07-20 05:30:23', '2020-05-14 17:08:20');
INSERT INTO friend_requests (initiator_user_id, target_user_id, status, requested_at, confirmed_at) VALUES ('38', '61', 'requested', '2019-07-03 07:17:53', '2019-12-15 20:36:04');
INSERT INTO friend_requests (initiator_user_id, target_user_id, status, requested_at, confirmed_at) VALUES ('31', '29', 'requested', '2020-03-16 22:50:24', '2020-05-19 06:49:48');
INSERT INTO friend_requests (initiator_user_id, target_user_id, status, requested_at, confirmed_at) VALUES ('3', '44', 'approved', '2019-12-26 08:44:49', '2019-10-30 04:54:54');
INSERT INTO friend_requests (initiator_user_id, target_user_id, status, requested_at, confirmed_at) VALUES ('9', '17', 'declined', '2019-12-05 01:37:20', '2019-09-25 19:26:27');
INSERT INTO friend_requests (initiator_user_id, target_user_id, status, requested_at, confirmed_at) VALUES ('10', '29', 'unfriended', '2020-04-21 14:27:25', '2019-06-01 12:56:54');
INSERT INTO friend_requests (initiator_user_id, target_user_id, status, requested_at, confirmed_at) VALUES ('69', '39', 'declined', '2020-05-02 09:57:16', '2019-06-05 19:11:29');
INSERT INTO friend_requests (initiator_user_id, target_user_id, status, requested_at, confirmed_at) VALUES ('45', '100', 'requested', '2019-08-23 19:14:53', '2019-12-31 03:06:05');
INSERT INTO friend_requests (initiator_user_id, target_user_id, status, requested_at, confirmed_at) VALUES ('47', '82', 'requested', '2019-08-04 18:17:57', '2020-03-19 04:10:20');
INSERT INTO friend_requests (initiator_user_id, target_user_id, status, requested_at, confirmed_at) VALUES ('75', '27', 'requested', '2019-06-02 22:21:07', '2020-04-06 10:59:52');
INSERT INTO friend_requests (initiator_user_id, target_user_id, status, requested_at, confirmed_at) VALUES ('12', '19', 'requested', '2019-05-28 22:03:50', '2020-04-30 11:00:26');
INSERT INTO friend_requests (initiator_user_id, target_user_id, status, requested_at, confirmed_at) VALUES ('16', '46', 'unfriended', '2020-03-03 16:45:27', '2020-03-03 00:41:50');
INSERT INTO friend_requests (initiator_user_id, target_user_id, status, requested_at, confirmed_at) VALUES ('50', '71', 'unfriended', '2019-10-31 05:57:12', '2020-01-24 05:11:24');
INSERT INTO friend_requests (initiator_user_id, target_user_id, status, requested_at, confirmed_at) VALUES ('32', '6', 'requested', '2019-08-01 22:02:13', '2020-01-30 02:55:38');
INSERT INTO friend_requests (initiator_user_id, target_user_id, status, requested_at, confirmed_at) VALUES ('72', '70', 'approved', '2019-10-12 10:51:11', '2019-08-24 04:15:32');
INSERT INTO friend_requests (initiator_user_id, target_user_id, status, requested_at, confirmed_at) VALUES ('82', '36', 'unfriended', '2019-10-01 14:06:38', '2020-03-05 00:07:40');
INSERT INTO friend_requests (initiator_user_id, target_user_id, status, requested_at, confirmed_at) VALUES ('25', '49', 'declined', '2019-05-28 21:17:14', '2019-06-29 13:59:42');
INSERT INTO friend_requests (initiator_user_id, target_user_id, status, requested_at, confirmed_at) VALUES ('100', '84', 'requested', '2020-02-10 09:31:36', '2020-03-19 13:09:07');
INSERT INTO friend_requests (initiator_user_id, target_user_id, status, requested_at, confirmed_at) VALUES ('75', '89', 'declined', '2019-09-28 07:29:31', '2019-12-26 10:53:50');
INSERT INTO friend_requests (initiator_user_id, target_user_id, status, requested_at, confirmed_at) VALUES ('46', '80', 'unfriended', '2019-11-04 07:32:22', '2019-09-29 18:48:09');
INSERT INTO friend_requests (initiator_user_id, target_user_id, status, requested_at, confirmed_at) VALUES ('68', '97', 'requested', '2019-11-22 22:21:46', '2019-07-28 18:14:20');
INSERT INTO friend_requests (initiator_user_id, target_user_id, status, requested_at, confirmed_at) VALUES ('45', '45', 'requested', '2019-11-26 18:35:13', '2019-12-01 23:16:02');
INSERT INTO friend_requests (initiator_user_id, target_user_id, status, requested_at, confirmed_at) VALUES ('21', '76', 'approved', '2019-11-24 10:44:57', '2020-02-07 19:15:59');
INSERT INTO friend_requests (initiator_user_id, target_user_id, status, requested_at, confirmed_at) VALUES ('82', '48', 'unfriended', '2020-02-06 12:05:25', '2020-03-17 01:26:23');
INSERT INTO friend_requests (initiator_user_id, target_user_id, status, requested_at, confirmed_at) VALUES ('54', '18', 'unfriended', '2020-02-09 04:26:13', '2019-07-08 10:49:15');
INSERT INTO friend_requests (initiator_user_id, target_user_id, status, requested_at, confirmed_at) VALUES ('70', '11', 'declined', '2020-05-08 23:04:12', '2020-02-11 12:36:32');
INSERT INTO friend_requests (initiator_user_id, target_user_id, status, requested_at, confirmed_at) VALUES ('55', '77', 'approved', '2019-10-01 11:49:20', '2019-12-13 19:07:50');
INSERT INTO friend_requests (initiator_user_id, target_user_id, status, requested_at, confirmed_at) VALUES ('99', '58', 'requested', '2020-04-03 14:28:01', '2020-02-01 10:49:59');
INSERT INTO friend_requests (initiator_user_id, target_user_id, status, requested_at, confirmed_at) VALUES ('43', '1', 'requested', '2019-06-27 08:29:00', '2019-06-06 10:16:08');
INSERT INTO friend_requests (initiator_user_id, target_user_id, status, requested_at, confirmed_at) VALUES ('79', '9', 'requested', '2019-06-05 09:37:05', '2019-06-30 08:41:05');
INSERT INTO friend_requests (initiator_user_id, target_user_id, status, requested_at, confirmed_at) VALUES ('90', '98', 'requested', '2019-09-27 10:02:47', '2020-03-14 09:52:55');
INSERT INTO friend_requests (initiator_user_id, target_user_id, status, requested_at, confirmed_at) VALUES ('66', '11', 'declined', '2020-01-10 03:36:28', '2019-09-10 10:40:41');
INSERT INTO friend_requests (initiator_user_id, target_user_id, status, requested_at, confirmed_at) VALUES ('71', '19', 'unfriended', '2019-09-12 00:21:09', '2019-07-07 13:27:20');
INSERT INTO friend_requests (initiator_user_id, target_user_id, status, requested_at, confirmed_at) VALUES ('53', '84', 'unfriended', '2020-02-19 10:33:57', '2019-11-20 07:02:41');
INSERT INTO friend_requests (initiator_user_id, target_user_id, status, requested_at, confirmed_at) VALUES ('1', '19', 'requested', '2019-10-24 17:08:57', '2019-05-30 06:06:21');
INSERT INTO friend_requests (initiator_user_id, target_user_id, status, requested_at, confirmed_at) VALUES ('82', '34', 'declined', '2019-08-21 09:03:50', '2019-06-13 09:54:10');
INSERT INTO friend_requests (initiator_user_id, target_user_id, status, requested_at, confirmed_at) VALUES ('89', '24', 'approved', '2020-03-24 23:26:25', '2019-08-07 11:42:18');
INSERT INTO friend_requests (initiator_user_id, target_user_id, status, requested_at, confirmed_at) VALUES ('55', '47', 'approved', '2019-06-28 23:17:37', '2020-05-11 17:31:06');
INSERT INTO friend_requests (initiator_user_id, target_user_id, status, requested_at, confirmed_at) VALUES ('49', '49', 'approved', '2019-11-11 01:09:23', '2019-11-19 07:00:57');
INSERT INTO friend_requests (initiator_user_id, target_user_id, status, requested_at, confirmed_at) VALUES ('49', '80', 'unfriended', '2020-05-03 14:39:17', '2019-10-17 02:01:32');
INSERT INTO friend_requests (initiator_user_id, target_user_id, status, requested_at, confirmed_at) VALUES ('95', '29', 'approved', '2019-10-25 18:21:12', '2019-06-21 06:07:23');
INSERT INTO friend_requests (initiator_user_id, target_user_id, status, requested_at, confirmed_at) VALUES ('58', '6', 'declined', '2019-06-23 19:15:08', '2019-06-05 06:09:21');
INSERT INTO friend_requests (initiator_user_id, target_user_id, status, requested_at, confirmed_at) VALUES ('99', '66', 'requested', '2019-12-21 13:54:57', '2020-02-02 02:02:51');
INSERT INTO friend_requests (initiator_user_id, target_user_id, status, requested_at, confirmed_at) VALUES ('76', '96', 'declined', '2019-10-21 21:20:50', '2020-03-24 07:23:49');
INSERT INTO friend_requests (initiator_user_id, target_user_id, status, requested_at, confirmed_at) VALUES ('71', '37', 'declined', '2020-03-04 13:24:46', '2020-03-09 14:11:11');
INSERT INTO friend_requests (initiator_user_id, target_user_id, status, requested_at, confirmed_at) VALUES ('85', '51', 'declined', '2019-11-30 15:51:53', '2020-03-23 13:42:24');
INSERT INTO friend_requests (initiator_user_id, target_user_id, status, requested_at, confirmed_at) VALUES ('89', '96', 'approved', '2019-06-15 09:51:03', '2019-06-25 16:34:22');
INSERT INTO friend_requests (initiator_user_id, target_user_id, status, requested_at, confirmed_at) VALUES ('87', '67', 'requested', '2019-07-08 18:41:28', '2019-06-10 20:42:47');
INSERT INTO friend_requests (initiator_user_id, target_user_id, status, requested_at, confirmed_at) VALUES ('99', '67', 'declined', '2020-01-15 13:10:32', '2019-06-23 15:00:09');
INSERT INTO friend_requests (initiator_user_id, target_user_id, status, requested_at, confirmed_at) VALUES ('80', '8', 'declined', '2019-10-05 00:46:17', '2019-12-02 08:30:35');
INSERT INTO friend_requests (initiator_user_id, target_user_id, status, requested_at, confirmed_at) VALUES ('80', '69', 'declined', '2020-03-03 15:17:20', '2019-12-15 08:29:02');
INSERT INTO friend_requests (initiator_user_id, target_user_id, status, requested_at, confirmed_at) VALUES ('47', '32', 'unfriended', '2019-09-17 13:02:26', '2019-12-21 09:51:19');
INSERT INTO friend_requests (initiator_user_id, target_user_id, status, requested_at, confirmed_at) VALUES ('66', '94', 'requested', '2020-04-22 04:27:47', '2019-06-07 06:16:31');
INSERT INTO friend_requests (initiator_user_id, target_user_id, status, requested_at, confirmed_at) VALUES ('81', '42', 'declined', '2020-03-28 07:48:22', '2019-12-23 16:28:38');
INSERT INTO friend_requests (initiator_user_id, target_user_id, status, requested_at, confirmed_at) VALUES ('72', '83', 'declined', '2020-01-12 15:03:01', '2019-12-30 11:03:16');
INSERT INTO friend_requests (initiator_user_id, target_user_id, status, requested_at, confirmed_at) VALUES ('1', '32', 'requested', '2020-04-10 23:37:13', '2019-07-06 08:04:58');
INSERT INTO friend_requests (initiator_user_id, target_user_id, status, requested_at, confirmed_at) VALUES ('32', '88', 'requested', '2019-08-02 02:13:13', '2019-08-05 08:25:52');
INSERT INTO friend_requests (initiator_user_id, target_user_id, status, requested_at, confirmed_at) VALUES ('40', '30', 'requested', '2019-11-18 05:27:26', '2019-07-18 09:27:26');
INSERT INTO friend_requests (initiator_user_id, target_user_id, status, requested_at, confirmed_at) VALUES ('41', '51', 'unfriended', '2019-06-08 13:36:18', '2019-07-20 02:49:48');
INSERT INTO friend_requests (initiator_user_id, target_user_id, status, requested_at, confirmed_at) VALUES ('48', '76', 'requested', '2020-01-27 09:38:18', '2019-10-17 17:19:05');
INSERT INTO friend_requests (initiator_user_id, target_user_id, status, requested_at, confirmed_at) VALUES ('99', '22', 'unfriended', '2020-02-05 15:50:26', '2020-02-23 06:39:32');
INSERT INTO friend_requests (initiator_user_id, target_user_id, status, requested_at, confirmed_at) VALUES ('39', '54', 'requested', '2020-02-16 01:51:45', '2020-05-05 13:08:55');
INSERT INTO friend_requests (initiator_user_id, target_user_id, status, requested_at, confirmed_at) VALUES ('87', '6', 'unfriended', '2019-07-11 06:08:03', '2019-08-30 13:24:36');
INSERT INTO friend_requests (initiator_user_id, target_user_id, status, requested_at, confirmed_at) VALUES ('30', '99', 'unfriended', '2020-01-24 12:26:20', '2019-12-25 15:57:07');
INSERT INTO friend_requests (initiator_user_id, target_user_id, status, requested_at, confirmed_at) VALUES ('46', '94', 'requested', '2020-02-17 03:20:38', '2020-02-10 11:41:48');
INSERT INTO friend_requests (initiator_user_id, target_user_id, status, requested_at, confirmed_at) VALUES ('62', '78', 'declined', '2019-06-14 19:07:01', '2020-02-20 11:02:26');
INSERT INTO friend_requests (initiator_user_id, target_user_id, status, requested_at, confirmed_at) VALUES ('31', '72', 'unfriended', '2019-08-08 12:48:08', '2020-04-12 05:54:42');
INSERT INTO friend_requests (initiator_user_id, target_user_id, status, requested_at, confirmed_at) VALUES ('73', '93', 'declined', '2019-11-04 21:14:09', '2020-02-26 03:53:59');
INSERT INTO friend_requests (initiator_user_id, target_user_id, status, requested_at, confirmed_at) VALUES ('79', '85', 'requested', '2019-09-15 17:06:26', '2019-11-09 02:46:39');
INSERT INTO friend_requests (initiator_user_id, target_user_id, status, requested_at, confirmed_at) VALUES ('69', '91', 'approved', '2020-04-27 13:42:48', '2020-03-04 23:27:24');
INSERT INTO friend_requests (initiator_user_id, target_user_id, status, requested_at, confirmed_at) VALUES ('63', '98', 'unfriended', '2019-12-03 03:16:25', '2019-07-13 17:29:52');
INSERT INTO friend_requests (initiator_user_id, target_user_id, status, requested_at, confirmed_at) VALUES ('32', '67', 'unfriended', '2019-08-30 21:20:52', '2019-11-11 22:20:55');
INSERT INTO friend_requests (initiator_user_id, target_user_id, status, requested_at, confirmed_at) VALUES ('24', '79', 'requested', '2020-03-17 10:27:36', '2020-03-20 00:12:58');
INSERT INTO friend_requests (initiator_user_id, target_user_id, status, requested_at, confirmed_at) VALUES ('68', '6', 'approved', '2019-06-10 19:14:35', '2019-08-08 11:49:29');
INSERT INTO friend_requests (initiator_user_id, target_user_id, status, requested_at, confirmed_at) VALUES ('41', '14', 'declined', '2020-05-05 22:17:31', '2019-08-09 18:49:13');
INSERT INTO friend_requests (initiator_user_id, target_user_id, status, requested_at, confirmed_at) VALUES ('85', '34', 'approved', '2020-04-19 03:38:17', '2019-08-22 01:06:18');
INSERT INTO friend_requests (initiator_user_id, target_user_id, status, requested_at, confirmed_at) VALUES ('8', '76', 'requested', '2020-01-16 13:59:38', '2019-05-29 12:06:16');
INSERT INTO friend_requests (initiator_user_id, target_user_id, status, requested_at, confirmed_at) VALUES ('44', '21', 'requested', '2020-03-14 11:47:43', '2019-11-09 17:25:55');
INSERT INTO friend_requests (initiator_user_id, target_user_id, status, requested_at, confirmed_at) VALUES ('61', '99', 'requested', '2019-12-30 04:32:07', '2020-05-19 22:44:59');
INSERT INTO friend_requests (initiator_user_id, target_user_id, status, requested_at, confirmed_at) VALUES ('90', '100', 'declined', '2020-02-18 18:38:48', '2019-06-22 06:11:25');
INSERT INTO friend_requests (initiator_user_id, target_user_id, status, requested_at, confirmed_at) VALUES ('87', '89', 'unfriended', '2019-12-24 23:41:35', '2019-07-15 11:54:55');
INSERT INTO friend_requests (initiator_user_id, target_user_id, status, requested_at, confirmed_at) VALUES ('22', '30', 'requested', '2019-11-26 03:23:26', '2019-09-21 14:01:33');
INSERT INTO friend_requests (initiator_user_id, target_user_id, status, requested_at, confirmed_at) VALUES ('96', '99', 'requested', '2019-09-26 04:36:18', '2020-03-17 20:37:23');
INSERT INTO friend_requests (initiator_user_id, target_user_id, status, requested_at, confirmed_at) VALUES ('58', '20', 'requested', '2019-06-24 21:39:08', '2019-08-04 22:04:36');
INSERT INTO friend_requests (initiator_user_id, target_user_id, status, requested_at, confirmed_at) VALUES ('46', '74', 'approved', '2019-09-04 10:33:29', '2019-09-23 13:58:28');
INSERT INTO friend_requests (initiator_user_id, target_user_id, status, requested_at, confirmed_at) VALUES ('99', '59', 'declined', '2020-05-22 04:56:22', '2019-12-04 06:20:23');
INSERT INTO friend_requests (initiator_user_id, target_user_id, status, requested_at, confirmed_at) VALUES ('79', '30', 'unfriended', '2019-12-02 04:12:34', '2019-10-08 18:10:52');
INSERT INTO friend_requests (initiator_user_id, target_user_id, status, requested_at, confirmed_at) VALUES ('9', '28', 'declined', '2019-07-26 04:30:18', '2019-09-22 16:34:04');
INSERT INTO friend_requests (initiator_user_id, target_user_id, status, requested_at, confirmed_at) VALUES ('34', '83', 'requested', '2020-03-27 21:48:07', '2020-01-30 01:39:57');
INSERT INTO friend_requests (initiator_user_id, target_user_id, status, requested_at, confirmed_at) VALUES ('75', '35', 'approved', '2019-12-11 19:07:07', '2020-01-25 09:56:37');
INSERT INTO friend_requests (initiator_user_id, target_user_id, status, requested_at, confirmed_at) VALUES ('88', '74', 'requested', '2020-03-04 12:20:22', '2020-02-28 20:50:03');
INSERT INTO friend_requests (initiator_user_id, target_user_id, status, requested_at, confirmed_at) VALUES ('92', '21', 'approved', '2019-11-07 01:02:17', '2020-02-16 03:20:40');
INSERT INTO friend_requests (initiator_user_id, target_user_id, status, requested_at, confirmed_at) VALUES ('64', '65', 'unfriended', '2020-01-15 16:21:31', '2019-07-18 11:27:52');
INSERT INTO friend_requests (initiator_user_id, target_user_id, status, requested_at, confirmed_at) VALUES ('38', '40', 'requested', '2019-06-14 08:29:00', '2019-11-01 03:41:31');
INSERT INTO friend_requests (initiator_user_id, target_user_id, status, requested_at, confirmed_at) VALUES ('54', '32', 'declined', '2019-11-19 10:49:17', '2019-06-24 08:50:52');
INSERT INTO friend_requests (initiator_user_id, target_user_id, status, requested_at, confirmed_at) VALUES ('43', '51', 'requested', '2020-03-10 13:05:58', '2019-10-10 15:05:13');
INSERT INTO friend_requests (initiator_user_id, target_user_id, status, requested_at, confirmed_at) VALUES ('16', '7', 'declined', '2020-01-27 21:36:37', '2019-11-09 02:14:02');
INSERT INTO friend_requests (initiator_user_id, target_user_id, status, requested_at, confirmed_at) VALUES ('59', '31', 'approved', '2020-01-26 11:39:33', '2019-07-31 20:42:24');
INSERT INTO friend_requests (initiator_user_id, target_user_id, status, requested_at, confirmed_at) VALUES ('53', '18', 'requested', '2020-04-23 15:48:44', '2019-06-27 23:11:43');
INSERT INTO friend_requests (initiator_user_id, target_user_id, status, requested_at, confirmed_at) VALUES ('14', '38', 'declined', '2019-09-24 01:46:38', '2019-09-14 08:09:10');
INSERT INTO friend_requests (initiator_user_id, target_user_id, status, requested_at, confirmed_at) VALUES ('7', '73', 'declined', '2019-08-14 07:20:07', '2020-03-13 10:44:16');
INSERT INTO friend_requests (initiator_user_id, target_user_id, status, requested_at, confirmed_at) VALUES ('9', '4', 'unfriended', '2020-02-23 05:30:59', '2020-01-01 20:25:50');
INSERT INTO friend_requests (initiator_user_id, target_user_id, status, requested_at, confirmed_at) VALUES ('60', '31', 'declined', '2020-02-04 15:04:15', '2019-09-15 14:37:34');
INSERT INTO friend_requests (initiator_user_id, target_user_id, status, requested_at, confirmed_at) VALUES ('66', '71', 'approved', '2019-11-06 02:32:31', '2020-04-23 08:25:28');
INSERT INTO friend_requests (initiator_user_id, target_user_id, status, requested_at, confirmed_at) VALUES ('89', '21', 'unfriended', '2019-06-14 14:50:44', '2020-01-21 02:55:05');
INSERT INTO friend_requests (initiator_user_id, target_user_id, status, requested_at, confirmed_at) VALUES ('74', '30', 'requested', '2019-06-17 17:08:40', '2020-02-14 08:08:40');
INSERT INTO friend_requests (initiator_user_id, target_user_id, status, requested_at, confirmed_at) VALUES ('31', '98', 'unfriended', '2019-12-18 01:24:39', '2019-11-03 12:02:27');
INSERT INTO friend_requests (initiator_user_id, target_user_id, status, requested_at, confirmed_at) VALUES ('17', '97', 'declined', '2020-02-09 02:31:55', '2020-03-31 20:09:28');
INSERT INTO friend_requests (initiator_user_id, target_user_id, status, requested_at, confirmed_at) VALUES ('92', '53', 'approved', '2020-01-11 12:11:21', '2020-02-04 05:17:07');
INSERT INTO friend_requests (initiator_user_id, target_user_id, status, requested_at, confirmed_at) VALUES ('12', '44', 'approved', '2019-12-05 17:27:29', '2020-02-29 11:26:33');
INSERT INTO friend_requests (initiator_user_id, target_user_id, status, requested_at, confirmed_at) VALUES ('45', '49', 'approved', '2019-08-16 13:42:32', '2019-07-30 13:55:04');
INSERT INTO friend_requests (initiator_user_id, target_user_id, status, requested_at, confirmed_at) VALUES ('96', '85', 'approved', '2019-11-21 04:20:26', '2019-09-02 11:35:12');
INSERT INTO friend_requests (initiator_user_id, target_user_id, status, requested_at, confirmed_at) VALUES ('91', '74', 'requested', '2019-09-27 12:05:26', '2019-09-10 12:23:22');
INSERT INTO friend_requests (initiator_user_id, target_user_id, status, requested_at, confirmed_at) VALUES ('62', '14', 'requested', '2019-06-09 22:54:57', '2020-05-01 12:24:28');
INSERT INTO friend_requests (initiator_user_id, target_user_id, status, requested_at, confirmed_at) VALUES ('17', '65', 'declined', '2019-11-15 05:15:07', '2020-03-10 20:55:29');
INSERT INTO friend_requests (initiator_user_id, target_user_id, status, requested_at, confirmed_at) VALUES ('66', '64', 'unfriended', '2020-05-25 23:07:07', '2019-07-02 20:11:35');
INSERT INTO friend_requests (initiator_user_id, target_user_id, status, requested_at, confirmed_at) VALUES ('58', '98', 'declined', '2019-09-23 18:53:47', '2019-09-16 17:22:12');
INSERT INTO friend_requests (initiator_user_id, target_user_id, status, requested_at, confirmed_at) VALUES ('62', '15', 'approved', '2020-01-21 10:31:14', '2020-01-02 15:55:14');
INSERT INTO friend_requests (initiator_user_id, target_user_id, status, requested_at, confirmed_at) VALUES ('75', '21', 'approved', '2019-09-20 18:16:16', '2019-11-04 04:55:24');
INSERT INTO friend_requests (initiator_user_id, target_user_id, status, requested_at, confirmed_at) VALUES ('37', '76', 'declined', '2020-03-11 06:22:33', '2020-01-03 12:38:19');
INSERT INTO friend_requests (initiator_user_id, target_user_id, status, requested_at, confirmed_at) VALUES ('17', '54', 'requested', '2019-08-18 05:30:22', '2020-01-05 11:42:27');
INSERT INTO friend_requests (initiator_user_id, target_user_id, status, requested_at, confirmed_at) VALUES ('41', '42', 'unfriended', '2020-03-24 04:39:15', '2019-10-11 01:09:02');
INSERT INTO friend_requests (initiator_user_id, target_user_id, status, requested_at, confirmed_at) VALUES ('7', '20', 'requested', '2020-05-22 18:27:56', '2019-10-12 18:30:30');
INSERT INTO friend_requests (initiator_user_id, target_user_id, status, requested_at, confirmed_at) VALUES ('54', '42', 'approved', '2020-05-16 12:45:53', '2020-04-30 01:12:12');
INSERT INTO friend_requests (initiator_user_id, target_user_id, status, requested_at, confirmed_at) VALUES ('21', '20', 'requested', '2019-05-31 00:00:42', '2019-06-20 21:30:51');
INSERT INTO friend_requests (initiator_user_id, target_user_id, status, requested_at, confirmed_at) VALUES ('44', '8', 'requested', '2019-12-07 22:17:00', '2019-11-03 11:37:55');
INSERT INTO friend_requests (initiator_user_id, target_user_id, status, requested_at, confirmed_at) VALUES ('62', '87', 'approved', '2020-03-22 16:34:27', '2019-06-26 21:03:44');
INSERT INTO friend_requests (initiator_user_id, target_user_id, status, requested_at, confirmed_at) VALUES ('64', '89', 'unfriended', '2020-02-19 01:22:54', '2019-09-23 05:37:16');
INSERT INTO friend_requests (initiator_user_id, target_user_id, status, requested_at, confirmed_at) VALUES ('9', '7', 'unfriended', '2019-09-24 21:55:11', '2020-01-14 16:19:02');
INSERT INTO friend_requests (initiator_user_id, target_user_id, status, requested_at, confirmed_at) VALUES ('32', '34', 'requested', '2019-08-17 11:30:07', '2020-02-01 19:41:26');
INSERT INTO friend_requests (initiator_user_id, target_user_id, status, requested_at, confirmed_at) VALUES ('87', '75', 'approved', '2019-09-27 22:12:36', '2019-09-16 06:24:42');
INSERT INTO friend_requests (initiator_user_id, target_user_id, status, requested_at, confirmed_at) VALUES ('21', '32', 'declined', '2020-03-06 21:28:30', '2019-11-22 10:43:12');
INSERT INTO friend_requests (initiator_user_id, target_user_id, status, requested_at, confirmed_at) VALUES ('2', '61', 'declined', '2020-02-15 10:57:07', '2019-10-03 08:17:51');
INSERT INTO friend_requests (initiator_user_id, target_user_id, status, requested_at, confirmed_at) VALUES ('80', '27', 'approved', '2019-09-25 22:37:57', '2019-09-20 06:32:27');
INSERT INTO friend_requests (initiator_user_id, target_user_id, status, requested_at, confirmed_at) VALUES ('14', '34', 'requested', '2020-02-17 10:33:03', '2020-05-23 19:50:02');
INSERT INTO friend_requests (initiator_user_id, target_user_id, status, requested_at, confirmed_at) VALUES ('33', '31', 'requested', '2019-10-07 02:35:42', '2020-05-21 00:34:03');
INSERT INTO friend_requests (initiator_user_id, target_user_id, status, requested_at, confirmed_at) VALUES ('92', '87', 'requested', '2020-04-22 05:10:01', '2020-02-12 01:15:05');
INSERT INTO friend_requests (initiator_user_id, target_user_id, status, requested_at, confirmed_at) VALUES ('31', '35', 'declined', '2019-10-12 01:11:02', '2019-06-28 18:18:26');
INSERT INTO friend_requests (initiator_user_id, target_user_id, status, requested_at, confirmed_at) VALUES ('99', '99', 'requested', '2019-06-28 07:23:09', '2020-02-16 08:49:33');
INSERT INTO friend_requests (initiator_user_id, target_user_id, status, requested_at, confirmed_at) VALUES ('14', '59', 'approved', '2019-10-05 23:01:26', '2020-03-22 05:16:50');

INSERT INTO communities (id, name) VALUES ('5', 'ad');
INSERT INTO communities (id, name) VALUES ('10', 'aliquam');
INSERT INTO communities (id, name) VALUES ('45', 'aliquam');
INSERT INTO communities (id, name) VALUES ('74', 'aperiam');
INSERT INTO communities (id, name) VALUES ('12', 'architecto');
INSERT INTO communities (id, name) VALUES ('73', 'aspernatur');
INSERT INTO communities (id, name) VALUES ('93', 'assumenda');
INSERT INTO communities (id, name) VALUES ('7', 'at');
INSERT INTO communities (id, name) VALUES ('48', 'aut');
INSERT INTO communities (id, name) VALUES ('18', 'autem');
INSERT INTO communities (id, name) VALUES ('50', 'consequatur');
INSERT INTO communities (id, name) VALUES ('11', 'consequuntur');
INSERT INTO communities (id, name) VALUES ('83', 'consequuntur');
INSERT INTO communities (id, name) VALUES ('85', 'consequuntur');
INSERT INTO communities (id, name) VALUES ('92', 'consequuntur');
INSERT INTO communities (id, name) VALUES ('75', 'deleniti');
INSERT INTO communities (id, name) VALUES ('20', 'distinctio');
INSERT INTO communities (id, name) VALUES ('32', 'dolor');
INSERT INTO communities (id, name) VALUES ('84', 'dolor');
INSERT INTO communities (id, name) VALUES ('94', 'dolores');
INSERT INTO communities (id, name) VALUES ('40', 'dolorum');
INSERT INTO communities (id, name) VALUES ('86', 'ea');
INSERT INTO communities (id, name) VALUES ('99', 'ea');
INSERT INTO communities (id, name) VALUES ('66', 'enim');
INSERT INTO communities (id, name) VALUES ('9', 'eos');
INSERT INTO communities (id, name) VALUES ('72', 'est');
INSERT INTO communities (id, name) VALUES ('14', 'et');
INSERT INTO communities (id, name) VALUES ('16', 'et');
INSERT INTO communities (id, name) VALUES ('54', 'et');
INSERT INTO communities (id, name) VALUES ('87', 'et');
INSERT INTO communities (id, name) VALUES ('19', 'eveniet');
INSERT INTO communities (id, name) VALUES ('36', 'eveniet');
INSERT INTO communities (id, name) VALUES ('34', 'excepturi');
INSERT INTO communities (id, name) VALUES ('13', 'facere');
INSERT INTO communities (id, name) VALUES ('29', 'hic');
INSERT INTO communities (id, name) VALUES ('69', 'hic');
INSERT INTO communities (id, name) VALUES ('26', 'id');
INSERT INTO communities (id, name) VALUES ('81', 'id');
INSERT INTO communities (id, name) VALUES ('39', 'incidunt');
INSERT INTO communities (id, name) VALUES ('59', 'incidunt');
INSERT INTO communities (id, name) VALUES ('78', 'incidunt');
INSERT INTO communities (id, name) VALUES ('31', 'inventore');
INSERT INTO communities (id, name) VALUES ('41', 'iste');
INSERT INTO communities (id, name) VALUES ('68', 'laborum');
INSERT INTO communities (id, name) VALUES ('67', 'libero');
INSERT INTO communities (id, name) VALUES ('17', 'magni');
INSERT INTO communities (id, name) VALUES ('53', 'molestiae');
INSERT INTO communities (id, name) VALUES ('57', 'mollitia');
INSERT INTO communities (id, name) VALUES ('65', 'mollitia');
INSERT INTO communities (id, name) VALUES ('64', 'nam');
INSERT INTO communities (id, name) VALUES ('35', 'necessitatibus');
INSERT INTO communities (id, name) VALUES ('63', 'neque');
INSERT INTO communities (id, name) VALUES ('30', 'nesciunt');
INSERT INTO communities (id, name) VALUES ('2', 'nobis');
INSERT INTO communities (id, name) VALUES ('42', 'non');
INSERT INTO communities (id, name) VALUES ('22', 'odio');
INSERT INTO communities (id, name) VALUES ('6', 'odit');
INSERT INTO communities (id, name) VALUES ('46', 'omnis');
INSERT INTO communities (id, name) VALUES ('43', 'optio');
INSERT INTO communities (id, name) VALUES ('23', 'perferendis');
INSERT INTO communities (id, name) VALUES ('82', 'perspiciatis');
INSERT INTO communities (id, name) VALUES ('56', 'porro');
INSERT INTO communities (id, name) VALUES ('21', 'quaerat');
INSERT INTO communities (id, name) VALUES ('51', 'quam');
INSERT INTO communities (id, name) VALUES ('28', 'quas');
INSERT INTO communities (id, name) VALUES ('98', 'quas');
INSERT INTO communities (id, name) VALUES ('24', 'quasi');
INSERT INTO communities (id, name) VALUES ('3', 'qui');
INSERT INTO communities (id, name) VALUES ('8', 'qui');
INSERT INTO communities (id, name) VALUES ('71', 'qui');
INSERT INTO communities (id, name) VALUES ('95', 'quia');
INSERT INTO communities (id, name) VALUES ('100', 'quia');
INSERT INTO communities (id, name) VALUES ('70', 'quidem');
INSERT INTO communities (id, name) VALUES ('79', 'quidem');
INSERT INTO communities (id, name) VALUES ('25', 'quos');
INSERT INTO communities (id, name) VALUES ('76', 'recusandae');
INSERT INTO communities (id, name) VALUES ('44', 'reiciendis');
INSERT INTO communities (id, name) VALUES ('60', 'repudiandae');
INSERT INTO communities (id, name) VALUES ('96', 'rerum');
INSERT INTO communities (id, name) VALUES ('27', 'sed');
INSERT INTO communities (id, name) VALUES ('52', 'sed');
INSERT INTO communities (id, name) VALUES ('61', 'sed');
INSERT INTO communities (id, name) VALUES ('88', 'sit');
INSERT INTO communities (id, name) VALUES ('90', 'sit');
INSERT INTO communities (id, name) VALUES ('91', 'sunt');
INSERT INTO communities (id, name) VALUES ('33', 'suscipit');
INSERT INTO communities (id, name) VALUES ('37', 'suscipit');
INSERT INTO communities (id, name) VALUES ('58', 'temporibus');
INSERT INTO communities (id, name) VALUES ('49', 'tenetur');
INSERT INTO communities (id, name) VALUES ('15', 'unde');
INSERT INTO communities (id, name) VALUES ('80', 'velit');
INSERT INTO communities (id, name) VALUES ('47', 'veniam');
INSERT INTO communities (id, name) VALUES ('62', 'veniam');
INSERT INTO communities (id, name) VALUES ('38', 'veritatis');
INSERT INTO communities (id, name) VALUES ('4', 'voluptas');
INSERT INTO communities (id, name) VALUES ('97', 'voluptas');
INSERT INTO communities (id, name) VALUES ('77', 'voluptate');
INSERT INTO communities (id, name) VALUES ('55', 'voluptatem');
INSERT INTO communities (id, name) VALUES ('89', 'voluptatem');
INSERT INTO communities (id, name) VALUES ('1', 'voluptates');

INSERT INTO users_communities (user_id, community_id) VALUES ('54', '87');
INSERT INTO users_communities (user_id, community_id) VALUES ('49', '75');
INSERT INTO users_communities (user_id, community_id) VALUES ('71', '15');
INSERT INTO users_communities (user_id, community_id) VALUES ('81', '51');
INSERT INTO users_communities (user_id, community_id) VALUES ('16', '39');
INSERT INTO users_communities (user_id, community_id) VALUES ('63', '28');
INSERT INTO users_communities (user_id, community_id) VALUES ('93', '48');
INSERT INTO users_communities (user_id, community_id) VALUES ('36', '98');
INSERT INTO users_communities (user_id, community_id) VALUES ('17', '81');
INSERT INTO users_communities (user_id, community_id) VALUES ('36', '53');
INSERT INTO users_communities (user_id, community_id) VALUES ('37', '60');
INSERT INTO users_communities (user_id, community_id) VALUES ('46', '89');
INSERT INTO users_communities (user_id, community_id) VALUES ('77', '30');
INSERT INTO users_communities (user_id, community_id) VALUES ('26', '90');
INSERT INTO users_communities (user_id, community_id) VALUES ('6', '14');
INSERT INTO users_communities (user_id, community_id) VALUES ('78', '58');
INSERT INTO users_communities (user_id, community_id) VALUES ('62', '62');
INSERT INTO users_communities (user_id, community_id) VALUES ('60', '58');
INSERT INTO users_communities (user_id, community_id) VALUES ('58', '10');
INSERT INTO users_communities (user_id, community_id) VALUES ('9', '40');
INSERT INTO users_communities (user_id, community_id) VALUES ('100', '44');
INSERT INTO users_communities (user_id, community_id) VALUES ('11', '49');
INSERT INTO users_communities (user_id, community_id) VALUES ('3', '80');
INSERT INTO users_communities (user_id, community_id) VALUES ('32', '36');
INSERT INTO users_communities (user_id, community_id) VALUES ('3', '53');
INSERT INTO users_communities (user_id, community_id) VALUES ('74', '66');
INSERT INTO users_communities (user_id, community_id) VALUES ('94', '58');
INSERT INTO users_communities (user_id, community_id) VALUES ('5', '90');
INSERT INTO users_communities (user_id, community_id) VALUES ('36', '99');
INSERT INTO users_communities (user_id, community_id) VALUES ('39', '78');
INSERT INTO users_communities (user_id, community_id) VALUES ('64', '98');
INSERT INTO users_communities (user_id, community_id) VALUES ('99', '22');
INSERT INTO users_communities (user_id, community_id) VALUES ('68', '18');
INSERT INTO users_communities (user_id, community_id) VALUES ('29', '12');
INSERT INTO users_communities (user_id, community_id) VALUES ('84', '13');
INSERT INTO users_communities (user_id, community_id) VALUES ('68', '73');
INSERT INTO users_communities (user_id, community_id) VALUES ('34', '71');
INSERT INTO users_communities (user_id, community_id) VALUES ('18', '54');
INSERT INTO users_communities (user_id, community_id) VALUES ('87', '82');
INSERT INTO users_communities (user_id, community_id) VALUES ('73', '79');
INSERT INTO users_communities (user_id, community_id) VALUES ('73', '90');
INSERT INTO users_communities (user_id, community_id) VALUES ('80', '1');
INSERT INTO users_communities (user_id, community_id) VALUES ('13', '46');
INSERT INTO users_communities (user_id, community_id) VALUES ('87', '1');
INSERT INTO users_communities (user_id, community_id) VALUES ('83', '28');
INSERT INTO users_communities (user_id, community_id) VALUES ('96', '12');
INSERT INTO users_communities (user_id, community_id) VALUES ('71', '40');
INSERT INTO users_communities (user_id, community_id) VALUES ('16', '57');
INSERT INTO users_communities (user_id, community_id) VALUES ('5', '31');
INSERT INTO users_communities (user_id, community_id) VALUES ('38', '98');
INSERT INTO users_communities (user_id, community_id) VALUES ('99', '18');
INSERT INTO users_communities (user_id, community_id) VALUES ('18', '83');
INSERT INTO users_communities (user_id, community_id) VALUES ('26', '63');
INSERT INTO users_communities (user_id, community_id) VALUES ('10', '40');
INSERT INTO users_communities (user_id, community_id) VALUES ('45', '29');
INSERT INTO users_communities (user_id, community_id) VALUES ('99', '56');
INSERT INTO users_communities (user_id, community_id) VALUES ('89', '5');
INSERT INTO users_communities (user_id, community_id) VALUES ('52', '68');
INSERT INTO users_communities (user_id, community_id) VALUES ('60', '96');
INSERT INTO users_communities (user_id, community_id) VALUES ('64', '6');
INSERT INTO users_communities (user_id, community_id) VALUES ('7', '50');
INSERT INTO users_communities (user_id, community_id) VALUES ('40', '48');
INSERT INTO users_communities (user_id, community_id) VALUES ('40', '64');
INSERT INTO users_communities (user_id, community_id) VALUES ('63', '46');
INSERT INTO users_communities (user_id, community_id) VALUES ('81', '14');
INSERT INTO users_communities (user_id, community_id) VALUES ('79', '50');
INSERT INTO users_communities (user_id, community_id) VALUES ('52', '70');
INSERT INTO users_communities (user_id, community_id) VALUES ('79', '33');
INSERT INTO users_communities (user_id, community_id) VALUES ('35', '29');
INSERT INTO users_communities (user_id, community_id) VALUES ('57', '77');
INSERT INTO users_communities (user_id, community_id) VALUES ('59', '75');
INSERT INTO users_communities (user_id, community_id) VALUES ('24', '78');
INSERT INTO users_communities (user_id, community_id) VALUES ('68', '52');
INSERT INTO users_communities (user_id, community_id) VALUES ('90', '1');
INSERT INTO users_communities (user_id, community_id) VALUES ('98', '29');
INSERT INTO users_communities (user_id, community_id) VALUES ('22', '60');
INSERT INTO users_communities (user_id, community_id) VALUES ('62', '56');
INSERT INTO users_communities (user_id, community_id) VALUES ('2', '14');
INSERT INTO users_communities (user_id, community_id) VALUES ('61', '83');
INSERT INTO users_communities (user_id, community_id) VALUES ('52', '36');
INSERT INTO users_communities (user_id, community_id) VALUES ('56', '72');
INSERT INTO users_communities (user_id, community_id) VALUES ('88', '66');
INSERT INTO users_communities (user_id, community_id) VALUES ('56', '20');
INSERT INTO users_communities (user_id, community_id) VALUES ('56', '38');
INSERT INTO users_communities (user_id, community_id) VALUES ('69', '2');
INSERT INTO users_communities (user_id, community_id) VALUES ('18', '93');
INSERT INTO users_communities (user_id, community_id) VALUES ('61', '27');
INSERT INTO users_communities (user_id, community_id) VALUES ('24', '64');
INSERT INTO users_communities (user_id, community_id) VALUES ('50', '68');
INSERT INTO users_communities (user_id, community_id) VALUES ('41', '36');
INSERT INTO users_communities (user_id, community_id) VALUES ('25', '44');
INSERT INTO users_communities (user_id, community_id) VALUES ('17', '90');
INSERT INTO users_communities (user_id, community_id) VALUES ('71', '19');
INSERT INTO users_communities (user_id, community_id) VALUES ('94', '30');
INSERT INTO users_communities (user_id, community_id) VALUES ('69', '83');
INSERT INTO users_communities (user_id, community_id) VALUES ('75', '87');
INSERT INTO users_communities (user_id, community_id) VALUES ('21', '89');
INSERT INTO users_communities (user_id, community_id) VALUES ('49', '20');
INSERT INTO users_communities (user_id, community_id) VALUES ('18', '36');
INSERT INTO users_communities (user_id, community_id) VALUES ('69', '98');
INSERT INTO users_communities (user_id, community_id) VALUES ('65', '80');
INSERT INTO users_communities (user_id, community_id) VALUES ('29', '77');
INSERT INTO users_communities (user_id, community_id) VALUES ('52', '59');
INSERT INTO users_communities (user_id, community_id) VALUES ('7', '92');
INSERT INTO users_communities (user_id, community_id) VALUES ('90', '10');
INSERT INTO users_communities (user_id, community_id) VALUES ('76', '58');
INSERT INTO users_communities (user_id, community_id) VALUES ('22', '54');
INSERT INTO users_communities (user_id, community_id) VALUES ('65', '5');
INSERT INTO users_communities (user_id, community_id) VALUES ('29', '94');
INSERT INTO users_communities (user_id, community_id) VALUES ('9', '48');
INSERT INTO users_communities (user_id, community_id) VALUES ('58', '30');
INSERT INTO users_communities (user_id, community_id) VALUES ('53', '78');
INSERT INTO users_communities (user_id, community_id) VALUES ('82', '61');
INSERT INTO users_communities (user_id, community_id) VALUES ('54', '40');
INSERT INTO users_communities (user_id, community_id) VALUES ('39', '40');
INSERT INTO users_communities (user_id, community_id) VALUES ('2', '38');
INSERT INTO users_communities (user_id, community_id) VALUES ('11', '5');
INSERT INTO users_communities (user_id, community_id) VALUES ('62', '48');
INSERT INTO users_communities (user_id, community_id) VALUES ('29', '73');
INSERT INTO users_communities (user_id, community_id) VALUES ('66', '91');
INSERT INTO users_communities (user_id, community_id) VALUES ('92', '87');
INSERT INTO users_communities (user_id, community_id) VALUES ('26', '94');
INSERT INTO users_communities (user_id, community_id) VALUES ('81', '79');
INSERT INTO users_communities (user_id, community_id) VALUES ('87', '6');
INSERT INTO users_communities (user_id, community_id) VALUES ('14', '93');
INSERT INTO users_communities (user_id, community_id) VALUES ('15', '52');
INSERT INTO users_communities (user_id, community_id) VALUES ('64', '68');
INSERT INTO users_communities (user_id, community_id) VALUES ('26', '100');
INSERT INTO users_communities (user_id, community_id) VALUES ('3', '91');
INSERT INTO users_communities (user_id, community_id) VALUES ('53', '2');
INSERT INTO users_communities (user_id, community_id) VALUES ('39', '36');
INSERT INTO users_communities (user_id, community_id) VALUES ('21', '35');
INSERT INTO users_communities (user_id, community_id) VALUES ('54', '86');
INSERT INTO users_communities (user_id, community_id) VALUES ('11', '50');
INSERT INTO users_communities (user_id, community_id) VALUES ('91', '99');
INSERT INTO users_communities (user_id, community_id) VALUES ('67', '13');
INSERT INTO users_communities (user_id, community_id) VALUES ('43', '29');
INSERT INTO users_communities (user_id, community_id) VALUES ('73', '59');
INSERT INTO users_communities (user_id, community_id) VALUES ('2', '24');
INSERT INTO users_communities (user_id, community_id) VALUES ('67', '72');
INSERT INTO users_communities (user_id, community_id) VALUES ('12', '92');
INSERT INTO users_communities (user_id, community_id) VALUES ('34', '10');
INSERT INTO users_communities (user_id, community_id) VALUES ('53', '72');
INSERT INTO users_communities (user_id, community_id) VALUES ('84', '33');
INSERT INTO users_communities (user_id, community_id) VALUES ('16', '94');
INSERT INTO users_communities (user_id, community_id) VALUES ('11', '3');
INSERT INTO users_communities (user_id, community_id) VALUES ('89', '55');
INSERT INTO users_communities (user_id, community_id) VALUES ('21', '68');
INSERT INTO users_communities (user_id, community_id) VALUES ('26', '8');
INSERT INTO users_communities (user_id, community_id) VALUES ('89', '81');
INSERT INTO users_communities (user_id, community_id) VALUES ('100', '29');
INSERT INTO users_communities (user_id, community_id) VALUES ('63', '13');
INSERT INTO users_communities (user_id, community_id) VALUES ('93', '34');
INSERT INTO users_communities (user_id, community_id) VALUES ('86', '97');
INSERT INTO users_communities (user_id, community_id) VALUES ('15', '8');
INSERT INTO users_communities (user_id, community_id) VALUES ('36', '12');
INSERT INTO users_communities (user_id, community_id) VALUES ('73', '35');
INSERT INTO users_communities (user_id, community_id) VALUES ('50', '1');
INSERT INTO users_communities (user_id, community_id) VALUES ('14', '67');
INSERT INTO users_communities (user_id, community_id) VALUES ('79', '95');
INSERT INTO users_communities (user_id, community_id) VALUES ('17', '37');
INSERT INTO users_communities (user_id, community_id) VALUES ('77', '87');
INSERT INTO users_communities (user_id, community_id) VALUES ('41', '52');
INSERT INTO users_communities (user_id, community_id) VALUES ('62', '22');
INSERT INTO users_communities (user_id, community_id) VALUES ('73', '84');
INSERT INTO users_communities (user_id, community_id) VALUES ('81', '49');
INSERT INTO users_communities (user_id, community_id) VALUES ('95', '97');
INSERT INTO users_communities (user_id, community_id) VALUES ('35', '94');
INSERT INTO users_communities (user_id, community_id) VALUES ('76', '16');
INSERT INTO users_communities (user_id, community_id) VALUES ('3', '93');
INSERT INTO users_communities (user_id, community_id) VALUES ('54', '56');
INSERT INTO users_communities (user_id, community_id) VALUES ('36', '50');
INSERT INTO users_communities (user_id, community_id) VALUES ('7', '46');
INSERT INTO users_communities (user_id, community_id) VALUES ('96', '2');
INSERT INTO users_communities (user_id, community_id) VALUES ('64', '80');
INSERT INTO users_communities (user_id, community_id) VALUES ('28', '25');
INSERT INTO users_communities (user_id, community_id) VALUES ('73', '89');
INSERT INTO users_communities (user_id, community_id) VALUES ('94', '10');
INSERT INTO users_communities (user_id, community_id) VALUES ('53', '93');
INSERT INTO users_communities (user_id, community_id) VALUES ('55', '30');
INSERT INTO users_communities (user_id, community_id) VALUES ('84', '60');
INSERT INTO users_communities (user_id, community_id) VALUES ('36', '30');
INSERT INTO users_communities (user_id, community_id) VALUES ('50', '37');
INSERT INTO users_communities (user_id, community_id) VALUES ('27', '6');
INSERT INTO users_communities (user_id, community_id) VALUES ('19', '16');
INSERT INTO users_communities (user_id, community_id) VALUES ('72', '88');
INSERT INTO users_communities (user_id, community_id) VALUES ('87', '67');
INSERT INTO users_communities (user_id, community_id) VALUES ('51', '8');
INSERT INTO users_communities (user_id, community_id) VALUES ('60', '37');
INSERT INTO users_communities (user_id, community_id) VALUES ('86', '46');
INSERT INTO users_communities (user_id, community_id) VALUES ('43', '71');
INSERT INTO users_communities (user_id, community_id) VALUES ('76', '48');
INSERT INTO users_communities (user_id, community_id) VALUES ('82', '74');
INSERT INTO users_communities (user_id, community_id) VALUES ('10', '21');
INSERT INTO users_communities (user_id, community_id) VALUES ('51', '53');
INSERT INTO users_communities (user_id, community_id) VALUES ('44', '32');
INSERT INTO users_communities (user_id, community_id) VALUES ('90', '20');
INSERT INTO users_communities (user_id, community_id) VALUES ('81', '13');
INSERT INTO users_communities (user_id, community_id) VALUES ('60', '59');
INSERT INTO users_communities (user_id, community_id) VALUES ('52', '6');

INSERT INTO media_types (name, created_at, updated_at)
VALUES 
('photo', '2001-01-01 00:00:00', '2001-01-01 00:00:00'),
('video', '2001-01-01 00:00:00', '2001-01-01 00:00:00'),
('audio', '2001-01-01 00:00:00', '2001-01-01 00:00:00'),
('post', '2001-01-01 00:00:00', '2001-01-01 00:00:00');

INSERT INTO media (id, media_type_id, user_id, body, filename, size, metadata, created_at, updated_at) VALUES ('1', '2', '57', 'Gryphon remarked: \'because they lessen from day to day.\' This was not quite know what \"it\" means.\' \'I know SOMETHING interesting is sure to do such a fall as this, I shall have some fun now!\'.', 'quam', 3769, NULL, '2019-08-09 06:32:30', '2017-07-02 07:49:54');
INSERT INTO media (id, media_type_id, user_id, body, filename, size, metadata, created_at, updated_at) VALUES ('2', '3', '47', 'But at any rate I\'ll never go THERE again!\' said Alice more boldly: \'you know you\'re growing too.\' \'Yes, but I don\'t like the three were all crowded round her, calling out in a sorrowful tone, \'I\'m.', 'qui', 0, NULL, '2020-05-05 07:29:04', '2014-08-23 23:05:53');
INSERT INTO media (id, media_type_id, user_id, body, filename, size, metadata, created_at, updated_at) VALUES ('3', '1', '94', 'He says it kills all the jurors were writing down \'stupid things!\' on their hands and feet at the end.\' \'If you do. I\'ll set Dinah at you!\' There was no longer to be listening, so she turned to the.', 'quasi', 1, NULL, '2019-09-05 05:43:28', '2017-03-09 19:19:31');
INSERT INTO media (id, media_type_id, user_id, body, filename, size, metadata, created_at, updated_at) VALUES ('4', '3', '33', 'Mary Ann, and be turned out of a well--\' \'What did they draw?\' said Alice, and looking anxiously about her. \'Oh, do let me help to undo it!\' \'I shall be punished for it now, I suppose, by being.', 'id', 50909885, NULL, '2019-08-17 06:52:42', '2017-06-30 22:49:32');
INSERT INTO media (id, media_type_id, user_id, body, filename, size, metadata, created_at, updated_at) VALUES ('5', '3', '53', 'Eaglet. \'I don\'t see any wine,\' she remarked. \'There isn\'t any,\' said the Mock Turtle to the beginning again?\' Alice ventured to say. \'What is it?\' he said. (Which he certainly did NOT, being made.', 'autem', 8270, NULL, '2020-03-22 22:36:52', '2011-05-21 12:56:14');
INSERT INTO media (id, media_type_id, user_id, body, filename, size, metadata, created_at, updated_at) VALUES ('6', '2', '93', 'Alice thought decidedly uncivil. \'But perhaps it was done. They had not the right distance--but then I wonder what Latitude or Longitude either, but thought they were lying round the hall, but they.', 'dolorum', 15, NULL, '2020-01-25 02:02:07', '2018-02-18 02:19:07');
INSERT INTO media (id, media_type_id, user_id, body, filename, size, metadata, created_at, updated_at) VALUES ('7', '3', '7', 'Alice! when she went on, \'\"--found it advisable to go on for some time after the rest of it appeared. \'I don\'t know what a wonderful dream it had come back and finish your story!\' Alice called after.', 'est', 6027207, NULL, '2019-12-21 00:30:10', '2018-05-28 23:21:56');
INSERT INTO media (id, media_type_id, user_id, body, filename, size, metadata, created_at, updated_at) VALUES ('8', '1', '14', 'I will prosecute YOU.--Come, I\'ll take no denial; We must have prizes.\' \'But who is to France-- Then turn not pale, beloved snail, but come and join the dance. So they got thrown out to sea!\" But.', 'officia', 21, NULL, '2019-11-26 05:28:07', '2018-03-13 09:58:42');
INSERT INTO media (id, media_type_id, user_id, body, filename, size, metadata, created_at, updated_at) VALUES ('9', '3', '48', 'I\'m doubtful about the right height to rest herself, and fanned herself with one eye; \'I seem to be\"--or if you\'d like it put the Lizard as she spoke. (The unfortunate little Bill had left off.', 'quos', 26, NULL, '2019-10-10 00:00:05', '2020-03-09 23:36:29');
INSERT INTO media (id, media_type_id, user_id, body, filename, size, metadata, created_at, updated_at) VALUES ('10', '2', '2', 'Alice\'s great surprise, the Duchess\'s cook. She carried the pepper-box in her French lesson-book. The Mouse did not come the same side of the game, the Queen merely remarking as it can\'t possibly.', 'sint', 5, NULL, '2020-04-20 07:33:56', '2015-07-15 00:39:14');
INSERT INTO media (id, media_type_id, user_id, body, filename, size, metadata, created_at, updated_at) VALUES ('11', '3', '17', 'You grant that?\' \'I suppose so,\' said the Mock Turtle in a hurried nervous manner, smiling at everything that was trickling down his brush, and had to be Involved in this way! Stop this moment, and.', 'neque', 804455677, NULL, '2019-05-28 18:01:17', '2012-12-22 16:57:53');
INSERT INTO media (id, media_type_id, user_id, body, filename, size, metadata, created_at, updated_at) VALUES ('12', '2', '43', 'I can\'t show it you myself,\' the Mock Turtle. Alice was too dark to see that the reason they\'re called lessons,\' the Gryphon added \'Come, let\'s try the experiment?\' \'HE might bite,\' Alice cautiously.', 'quia', 157, NULL, '2019-08-31 04:36:20', '2014-07-23 03:11:10');
INSERT INTO media (id, media_type_id, user_id, body, filename, size, metadata, created_at, updated_at) VALUES ('13', '2', '11', 'Forty-two. ALL PERSONS MORE THAN A MILE HIGH TO LEAVE THE COURT.\' Everybody looked at the Caterpillar\'s making such a curious dream!\' said Alice, \'but I know I have none, Why, I do hope it\'ll make.', 'earum', 74, NULL, '2020-05-18 01:24:27', '2015-08-20 00:26:29');
INSERT INTO media (id, media_type_id, user_id, body, filename, size, metadata, created_at, updated_at) VALUES ('14', '4', '20', 'I shouldn\'t want YOURS: I don\'t know,\' he went on, \'that they\'d let Dinah stop in the same thing as \"I eat what I used to say.\' \'So he did, so he with his tea spoon at the top of his teacup instead.', 'rerum', 6, NULL, '2020-04-26 01:03:54', '2011-04-09 17:32:47');
INSERT INTO media (id, media_type_id, user_id, body, filename, size, metadata, created_at, updated_at) VALUES ('15', '1', '21', 'I think that there was no use their putting their heads off?\' shouted the Queen, but she was shrinking rapidly; so she felt a little timidly: \'but it\'s no use their putting their heads downward! The.', 'molestiae', 8592, NULL, '2019-06-06 00:47:31', '2015-04-08 01:44:52');
INSERT INTO media (id, media_type_id, user_id, body, filename, size, metadata, created_at, updated_at) VALUES ('16', '2', '1', 'Queen, the royal children, and make one quite giddy.\' \'All right,\' said the Caterpillar. \'Well, perhaps you were down here till I\'m somebody else\"--but, oh dear!\' cried Alice (she was rather.', 'et', 55409843, NULL, '2020-02-28 21:17:34', '2012-06-06 03:48:51');
INSERT INTO media (id, media_type_id, user_id, body, filename, size, metadata, created_at, updated_at) VALUES ('17', '3', '11', 'King. \'When did you begin?\' The Hatter opened his eyes very wide on hearing this; but all he SAID was, \'Why is a long and a fan! Quick, now!\' And Alice was very like a telescope! I think that very.', 'reiciendis', 379, NULL, '2020-02-10 17:31:18', '2018-01-14 08:36:15');
INSERT INTO media (id, media_type_id, user_id, body, filename, size, metadata, created_at, updated_at) VALUES ('18', '3', '35', 'Presently she began fancying the sort of way to explain it is you hate--C and D,\' she added aloud. \'Do you know that Cheshire cats always grinned; in fact, I didn\'t know that cats COULD grin.\' \'They.', 'voluptatem', 953497, NULL, '2019-09-10 20:57:55', '2014-03-27 18:36:09');
INSERT INTO media (id, media_type_id, user_id, body, filename, size, metadata, created_at, updated_at) VALUES ('19', '2', '9', 'Alice, \'we learned French and music.\' \'And washing?\' said the Hatter. He came in sight of the gloves, and was a general clapping of hands at this: it was the King; and as it is.\' \'I quite agree with.', 'laborum', 3203784, NULL, '2019-11-03 11:44:47', '2016-06-05 09:48:54');
INSERT INTO media (id, media_type_id, user_id, body, filename, size, metadata, created_at, updated_at) VALUES ('20', '3', '43', 'Latin Grammar, \'A mouse--of a mouse--to a mouse--a mouse--O mouse!\') The Mouse looked at Alice. \'I\'M not a moment that it felt quite relieved to see it pop down a good deal: this fireplace is.', 'reiciendis', 14957, NULL, '2019-08-28 01:58:10', '2014-12-08 05:23:39');
INSERT INTO media (id, media_type_id, user_id, body, filename, size, metadata, created_at, updated_at) VALUES ('21', '2', '11', 'Pigeon in a very respectful tone, but frowning and making quite a large cat which was lit up by wild beasts and other unpleasant things, all because they WOULD put their heads off?\' shouted the.', 'magni', 9722516, NULL, '2020-04-15 13:50:57', '2017-06-14 06:47:52');
INSERT INTO media (id, media_type_id, user_id, body, filename, size, metadata, created_at, updated_at) VALUES ('22', '2', '78', 'SOMEWHERE,\' Alice added as an explanation; \'I\'ve none of my own. I\'m a deal faster than it does.\' \'Which would NOT be an old woman--but then--always to have him with them,\' the Mock Turtle with a.', 'voluptatem', 0, NULL, '2020-05-03 11:27:11', '2012-08-09 08:27:51');
INSERT INTO media (id, media_type_id, user_id, body, filename, size, metadata, created_at, updated_at) VALUES ('23', '3', '11', 'This speech caused a remarkable sensation among the trees as well be at school at once.\' However, she did so, very carefully, nibbling first at one end to the tarts on the bank, and of having.', 'repellendus', 35, NULL, '2019-11-06 15:55:02', '2015-08-21 12:10:51');
INSERT INTO media (id, media_type_id, user_id, body, filename, size, metadata, created_at, updated_at) VALUES ('24', '3', '10', 'Time!\' \'Perhaps not,\' Alice cautiously replied: \'but I must have been changed for any lesson-books!\' And so it was YOUR table,\' said Alice; \'I can\'t go no lower,\' said the King triumphantly,.', 'voluptas', 9, NULL, '2020-05-23 14:17:23', '2016-02-04 06:38:46');
INSERT INTO media (id, media_type_id, user_id, body, filename, size, metadata, created_at, updated_at) VALUES ('25', '1', '11', 'Alice; \'I can\'t help it,\' said Alice. \'Why not?\' said the Mouse had changed his mind, and was just saying to herself, \'Why, they\'re only a child!\' The Queen turned crimson with fury, and, after.', 'et', 53, NULL, '2019-08-13 18:34:54', '2017-05-24 19:29:11');
INSERT INTO media (id, media_type_id, user_id, body, filename, size, metadata, created_at, updated_at) VALUES ('26', '4', '63', 'RED rose-tree, and we won\'t talk about trouble!\' said the Mock Turtle repeated thoughtfully. \'I should have croqueted the Queen\'s shrill cries to the door, staring stupidly up into the court, she.', 'iure', 623509, NULL, '2019-07-15 22:48:41', '2020-03-15 22:57:18');
INSERT INTO media (id, media_type_id, user_id, body, filename, size, metadata, created_at, updated_at) VALUES ('27', '1', '49', 'VERY long claws and a crash of broken glass. \'What a pity it wouldn\'t stay!\' sighed the Hatter. He had been jumping about like that!\' But she waited patiently. \'Once,\' said the King. On this the.', 'dicta', 32, NULL, '2020-04-23 06:29:52', '2014-08-23 11:08:47');
INSERT INTO media (id, media_type_id, user_id, body, filename, size, metadata, created_at, updated_at) VALUES ('28', '2', '99', 'Nobody moved. \'Who cares for fish, Game, or any other dish? Who would not open any of them. However, on the English coast you find a thing,\' said the King said gravely, \'and go on crying in this.', 'ex', 3, NULL, '2019-05-30 15:19:11', '2017-06-24 22:36:58');
INSERT INTO media (id, media_type_id, user_id, body, filename, size, metadata, created_at, updated_at) VALUES ('29', '3', '71', 'I\'ll stay down here till I\'m somebody else\"--but, oh dear!\' cried Alice (she was rather doubtful whether she could see it quite plainly through the door, and tried to get to,\' said the King, looking.', 'ea', 97340, NULL, '2019-11-14 20:46:47', '2014-03-19 23:49:30');
INSERT INTO media (id, media_type_id, user_id, body, filename, size, metadata, created_at, updated_at) VALUES ('30', '1', '18', 'Some of the wood--(she considered him to be full of the moment how large she had to kneel down on their faces, and the Dormouse indignantly. However, he consented to go near the door as you liked.\'.', 'magnam', 996345038, NULL, '2019-10-25 05:33:02', '2015-02-11 11:52:12');
INSERT INTO media (id, media_type_id, user_id, body, filename, size, metadata, created_at, updated_at) VALUES ('31', '4', '99', 'Gryphon, \'she wants for to know your history, you know,\' the Hatter were having tea at it: a Dormouse was sitting on the breeze that followed them, the melancholy words:-- \'Soo--oop of the others.', 'repellendus', 84, NULL, '2019-09-07 22:05:42', '2018-11-13 07:07:20');
INSERT INTO media (id, media_type_id, user_id, body, filename, size, metadata, created_at, updated_at) VALUES ('32', '1', '55', 'So Alice began to cry again. \'You ought to have lessons to learn! Oh, I shouldn\'t want YOURS: I don\'t take this child away with me,\' thought Alice, \'it\'ll never do to come yet, please your Majesty,\'.', 'dolor', 3, NULL, '2019-09-26 12:07:27', '2011-03-14 22:39:10');
INSERT INTO media (id, media_type_id, user_id, body, filename, size, metadata, created_at, updated_at) VALUES ('33', '2', '60', 'I wonder what CAN have happened to you? Tell us all about it!\' Last came a little sharp bark just over her head to feel a little startled by seeing the Cheshire Cat sitting on the glass table and.', 'praesentium', 809, NULL, '2020-03-02 21:07:39', '2013-08-30 23:11:51');
INSERT INTO media (id, media_type_id, user_id, body, filename, size, metadata, created_at, updated_at) VALUES ('34', '1', '25', 'I do wonder what they\'ll do next! If they had been (Before she had never done such a dreadful time.\' So Alice got up this morning? I almost wish I hadn\'t drunk quite so much!\' said Alice, and she.', 'consequatur', 36725, NULL, '2019-06-14 17:16:53', '2012-10-26 02:24:25');
INSERT INTO media (id, media_type_id, user_id, body, filename, size, metadata, created_at, updated_at) VALUES ('35', '3', '79', 'Shakespeare, in the air: it puzzled her very much of it in asking riddles that have no idea what to do, and in his note-book, cackled out \'Silence!\' and read out from his book, \'Rule Forty-two. ALL.', 'laboriosam', 64027, NULL, '2020-01-20 07:23:47', '2019-05-03 20:01:48');
INSERT INTO media (id, media_type_id, user_id, body, filename, size, metadata, created_at, updated_at) VALUES ('36', '3', '62', 'So they began moving about again, and that\'s very like having a game of play with a soldier on each side, and opened their eyes and mouths so VERY much out of his teacup and bread-and-butter, and.', 'tenetur', 78, NULL, '2019-08-23 02:12:11', '2020-01-31 19:07:33');
INSERT INTO media (id, media_type_id, user_id, body, filename, size, metadata, created_at, updated_at) VALUES ('37', '2', '3', 'I--\' \'Oh, don\'t talk about cats or dogs either, if you only kept on good terms with him, he\'d do almost anything you liked with the words a little, \'From the Queen. \'Never!\' said the White Rabbit.', 'temporibus', 32, NULL, '2019-12-11 04:12:57', '2011-08-19 09:08:31');
INSERT INTO media (id, media_type_id, user_id, body, filename, size, metadata, created_at, updated_at) VALUES ('38', '3', '37', 'No room!\' they cried out when they had to ask them what the next moment she quite forgot you didn\'t sign it,\' said Alice. \'Of course not,\' said the young lady tells us a story!\' said the March Hare..', 'sed', 92, NULL, '2020-02-17 22:32:05', '2015-08-28 11:11:57');
INSERT INTO media (id, media_type_id, user_id, body, filename, size, metadata, created_at, updated_at) VALUES ('39', '2', '44', 'Why, there\'s hardly room to grow up again! Let me see: I\'ll give them a railway station.) However, she soon found an opportunity of adding, \'You\'re looking for them, and just as well as she was.', 'quo', 8568, NULL, '2019-06-28 02:27:16', '2011-05-21 07:06:34');
INSERT INTO media (id, media_type_id, user_id, body, filename, size, metadata, created_at, updated_at) VALUES ('40', '4', '9', 'March Hare. Alice sighed wearily. \'I think you can find out the verses to himself: \'\"WE KNOW IT TO BE TRUE--\" that\'s the jury, who instantly made a rush at Alice for some time after the candle is.', 'et', 9021833, NULL, '2019-11-22 18:15:39', '2016-01-10 04:22:27');
INSERT INTO media (id, media_type_id, user_id, body, filename, size, metadata, created_at, updated_at) VALUES ('41', '4', '87', 'Yet you turned a back-somersault in at the stick, and tumbled head over heels in its sleep \'Twinkle, twinkle, twinkle, twinkle--\' and went on saying to herself that perhaps it was all very well to.', 'architecto', 402120289, NULL, '2020-01-28 00:26:08', '2012-02-11 16:34:45');
INSERT INTO media (id, media_type_id, user_id, body, filename, size, metadata, created_at, updated_at) VALUES ('42', '3', '22', 'His voice has a timid and tremulous sound.] \'That\'s different from what I should think you\'ll feel it a bit, if you please! \"William the Conqueror, whose cause was favoured by the end of the.', 'expedita', 7816915, NULL, '2019-07-10 05:11:39', '2020-01-14 10:48:17');
INSERT INTO media (id, media_type_id, user_id, body, filename, size, metadata, created_at, updated_at) VALUES ('43', '4', '15', 'I\'ve fallen by this very sudden change, but she felt a little recovered from the shock of being all alone here!\' As she said this, she noticed that they could not tell whether they were playing the.', 'aut', 0, NULL, '2019-07-31 05:13:45', '2014-05-04 12:36:25');
INSERT INTO media (id, media_type_id, user_id, body, filename, size, metadata, created_at, updated_at) VALUES ('44', '3', '11', 'YOU must cross-examine THIS witness.\' \'Well, if I shall remember it in a low, weak voice. \'Now, I give you fair warning,\' shouted the Gryphon, and the baby--the fire-irons came first; then followed.', 'excepturi', 73174783, NULL, '2019-06-30 13:32:52', '2017-12-24 22:23:03');
INSERT INTO media (id, media_type_id, user_id, body, filename, size, metadata, created_at, updated_at) VALUES ('45', '1', '97', 'Duchess was VERY ugly; and secondly, because they\'re making such a fall as this, I shall have some fun now!\' thought Alice. \'Now we shall get on better.\' \'I\'d rather not,\' the Cat remarked. \'Don\'t.', 'nulla', 483, NULL, '2020-02-24 05:12:03', '2017-10-13 12:11:26');
INSERT INTO media (id, media_type_id, user_id, body, filename, size, metadata, created_at, updated_at) VALUES ('46', '1', '78', 'I wonder what I get\" is the use of a muchness\"--did you ever see such a nice soft thing to eat some of them bowed low. \'Would you like to drop the jar for fear of killing somebody, so managed to.', 'voluptas', 57795859, NULL, '2019-10-21 15:34:24', '2011-10-21 07:33:10');
INSERT INTO media (id, media_type_id, user_id, body, filename, size, metadata, created_at, updated_at) VALUES ('47', '2', '1', 'Run home this moment, I tell you!\' But she went to the cur, \"Such a trial, dear Sir, With no jury or judge, would be like, \'--for they haven\'t got much evidence YET,\' she said to herself; \'his eyes.', 'aliquam', 7610, NULL, '2019-12-03 19:49:01', '2012-08-29 03:07:10');
INSERT INTO media (id, media_type_id, user_id, body, filename, size, metadata, created_at, updated_at) VALUES ('48', '1', '91', 'ALL RETURNED FROM HIM TO YOU,\"\' said Alice. \'Why not?\' said the Duchess: you\'d better finish the story for yourself.\' \'No, please go on!\' Alice said with a shiver. \'I beg your pardon!\' said the.', 'quam', 0, NULL, '2020-05-02 01:52:01', '2019-05-07 19:03:22');
INSERT INTO media (id, media_type_id, user_id, body, filename, size, metadata, created_at, updated_at) VALUES ('49', '2', '40', 'While the Owl and the constant heavy sobbing of the others all joined in chorus, \'Yes, please do!\' pleaded Alice. \'And ever since that,\' the Hatter replied. \'Of course not,\' Alice replied very.', 'aut', 378, NULL, '2019-06-18 12:52:32', '2013-07-16 10:05:18');
INSERT INTO media (id, media_type_id, user_id, body, filename, size, metadata, created_at, updated_at) VALUES ('50', '3', '38', 'Alice, a little quicker. \'What a pity it wouldn\'t stay!\' sighed the Lory, who at last the Dodo suddenly called out in a piteous tone. And the moral of that dark hall, and wander about among those.', 'harum', 88919, NULL, '2019-09-28 21:22:02', '2011-08-16 00:20:11');
INSERT INTO media (id, media_type_id, user_id, body, filename, size, metadata, created_at, updated_at) VALUES ('51', '2', '68', 'ME.\' \'You!\' said the Lory positively refused to tell him. \'A nice muddle their slates\'ll be in Bill\'s place for a minute or two she stood watching them, and the fall NEVER come to an end! \'I wonder.', 'eum', 446, NULL, '2019-10-29 20:20:56', '2012-07-19 07:32:30');
INSERT INTO media (id, media_type_id, user_id, body, filename, size, metadata, created_at, updated_at) VALUES ('52', '1', '3', 'ALL RETURNED FROM HIM TO YOU,\"\' said Alice. \'Come, let\'s hear some of YOUR adventures.\' \'I could tell you his history,\' As they walked off together. Alice was too small, but at last she spread out.', 'autem', 881403875, NULL, '2020-04-08 03:54:35', '2019-09-25 19:26:14');
INSERT INTO media (id, media_type_id, user_id, body, filename, size, metadata, created_at, updated_at) VALUES ('53', '3', '28', 'ALICE\'S RIGHT FOOT, ESQ. HEARTHRUG, NEAR THE FENDER, (WITH ALICE\'S LOVE). Oh dear, what nonsense I\'m talking!\' Just then her head made her draw back in a trembling voice:-- \'I passed by his garden,.', 'ut', 455063380, NULL, '2019-07-01 06:25:13', '2012-03-09 03:35:30');
INSERT INTO media (id, media_type_id, user_id, body, filename, size, metadata, created_at, updated_at) VALUES ('54', '1', '47', 'Trims his belt and his friends shared their never-ending meal, and the Gryphon whispered in a hoarse, feeble voice: \'I heard the King put on her spectacles, and began picking them up again as.', 'vel', 457490, NULL, '2019-08-27 13:09:26', '2018-03-12 04:09:08');
INSERT INTO media (id, media_type_id, user_id, body, filename, size, metadata, created_at, updated_at) VALUES ('55', '1', '58', 'Alice; \'all I know I have ordered\'; and she went on planning to herself \'Suppose it should be like then?\' And she tried her best to climb up one of the wood for fear of killing somebody, so managed.', 'minus', 325, NULL, '2020-05-13 14:39:52', '2017-03-13 00:26:02');
INSERT INTO media (id, media_type_id, user_id, body, filename, size, metadata, created_at, updated_at) VALUES ('56', '4', '91', 'ME,\' said Alice in a helpless sort of knot, and then said \'The fourth.\' \'Two days wrong!\' sighed the Lory, with a sigh. \'I only took the place of the day; and this he handed over to herself,.', 'quo', 38628571, NULL, '2020-05-01 04:05:44', '2018-10-14 13:23:56');
INSERT INTO media (id, media_type_id, user_id, body, filename, size, metadata, created_at, updated_at) VALUES ('57', '4', '48', 'Gryphon, with a large fan in the after-time, be herself a grown woman; and how she would catch a bat, and that\'s all you know that cats COULD grin.\' \'They all can,\' said the Gryphon, and the.', 'ut', 97, NULL, '2019-09-15 04:28:30', '2014-02-05 13:01:10');
INSERT INTO media (id, media_type_id, user_id, body, filename, size, metadata, created_at, updated_at) VALUES ('58', '3', '11', 'Lastly, she pictured to herself \'It\'s the thing yourself, some winter day, I will prosecute YOU.--Come, I\'ll take no denial; We must have prizes.\' \'But who has won?\' This question the Dodo said,.', 'qui', 94284, NULL, '2020-03-25 03:22:24', '2016-11-15 02:55:47');
INSERT INTO media (id, media_type_id, user_id, body, filename, size, metadata, created_at, updated_at) VALUES ('59', '4', '76', 'It\'s the most important piece of evidence we\'ve heard yet,\' said Alice; \'living at the Footman\'s head: it just grazed his nose, and broke to pieces against one of the Queen\'s ears--\' the Rabbit.', 'placeat', 932567799, NULL, '2019-08-05 00:06:16', '2011-06-28 15:04:31');
INSERT INTO media (id, media_type_id, user_id, body, filename, size, metadata, created_at, updated_at) VALUES ('60', '4', '96', 'I\'ll get into her eyes--and still as she leant against a buttercup to rest herself, and fanned herself with one elbow against the roof was thatched with fur. It was opened by another footman in.', 'aliquam', 88637, NULL, '2019-12-18 05:48:16', '2015-08-14 14:25:03');
INSERT INTO media (id, media_type_id, user_id, body, filename, size, metadata, created_at, updated_at) VALUES ('61', '1', '1', 'I should think you\'ll feel it a bit, if you hold it too long; and that you think you\'re changed, do you?\' \'I\'m afraid I can\'t be civil, you\'d better finish the story for yourself.\' \'No, please go.', 'dicta', 362632309, NULL, '2019-08-07 16:57:14', '2018-03-14 19:03:06');
INSERT INTO media (id, media_type_id, user_id, body, filename, size, metadata, created_at, updated_at) VALUES ('62', '1', '42', 'Alice a little timidly, \'why you are very dull!\' \'You ought to be found: all she could not tell whether they were IN the well,\' Alice said very politely, \'if I had to pinch it to be sure, this.', 'dignissimos', 26405339, NULL, '2019-10-27 03:03:21', '2011-03-24 15:03:15');
INSERT INTO media (id, media_type_id, user_id, body, filename, size, metadata, created_at, updated_at) VALUES ('63', '3', '45', 'Alice, jumping up and to hear his history. I must go and take it away!\' There was a large plate came skimming out, straight at the cook, to see what was coming. It was all ridges and furrows; the.', 'iure', 821, NULL, '2020-02-29 02:20:09', '2020-02-06 17:12:23');
INSERT INTO media (id, media_type_id, user_id, body, filename, size, metadata, created_at, updated_at) VALUES ('64', '4', '59', 'Mouse, turning to the jury, and the Dormouse fell asleep instantly, and neither of the soldiers shouted in reply. \'Idiot!\' said the Mock Turtle angrily: \'really you are very dull!\' \'You ought to be.', 'enim', 6128750, NULL, '2020-01-11 19:17:08', '2016-08-21 23:41:10');
INSERT INTO media (id, media_type_id, user_id, body, filename, size, metadata, created_at, updated_at) VALUES ('65', '4', '98', 'Duchess\'s voice died away, even in the distance would take the roof of the deepest contempt. \'I\'ve seen a good character, But said I could shut up like telescopes: this time the Mouse was speaking,.', 'sunt', 1609479, NULL, '2019-07-28 10:28:48', '2020-05-27 13:32:00');
INSERT INTO media (id, media_type_id, user_id, body, filename, size, metadata, created_at, updated_at) VALUES ('66', '3', '1', 'Rabbit\'s voice along--\'Catch him, you by the officers of the sort!\' said Alice. \'Come on, then!\' roared the Queen, and Alice looked at it uneasily, shaking it every now and then she walked off,.', 'non', 765392, NULL, '2020-05-08 14:55:24', '2016-05-04 20:17:21');
INSERT INTO media (id, media_type_id, user_id, body, filename, size, metadata, created_at, updated_at) VALUES ('67', '2', '73', 'This of course, to begin lessons: you\'d only have to fly; and the poor little feet, I wonder if I know is, something comes at me like that!\' By this time she had made her draw back in a melancholy.', 'ipsum', 0, NULL, '2019-08-23 20:15:58', '2012-07-16 21:23:20');
INSERT INTO media (id, media_type_id, user_id, body, filename, size, metadata, created_at, updated_at) VALUES ('68', '2', '7', 'I think you\'d better ask HER about it.\' \'She\'s in prison,\' the Queen was close behind it when she had to ask his neighbour to tell me the truth: did you manage on the song, \'I\'d have said to.', 'aperiam', 56, NULL, '2019-11-06 07:51:37', '2019-03-23 02:35:01');
INSERT INTO media (id, media_type_id, user_id, body, filename, size, metadata, created_at, updated_at) VALUES ('69', '4', '99', 'Latin Grammar, \'A mouse--of a mouse--to a mouse--a mouse--O mouse!\') The Mouse did not like to have wondered at this, but at last she stretched her arms folded, quietly smoking a long silence after.', 'possimus', 0, NULL, '2019-09-10 21:21:00', '2018-02-16 11:47:44');
INSERT INTO media (id, media_type_id, user_id, body, filename, size, metadata, created_at, updated_at) VALUES ('70', '2', '34', 'Alice in a piteous tone. And she went on. Her listeners were perfectly quiet till she too began dreaming after a few minutes it puffed away without being seen, when she got back to the Mock Turtle,.', 'eum', 312643423, NULL, '2019-07-09 17:26:40', '2013-11-20 01:01:44');
INSERT INTO media (id, media_type_id, user_id, body, filename, size, metadata, created_at, updated_at) VALUES ('71', '1', '44', 'She was close behind her, listening: so she set the little golden key, and Alice\'s elbow was pressed hard against it, that attempt proved a failure. Alice heard it before,\' said the King, and the.', 'earum', 9248948, NULL, '2019-10-23 18:28:29', '2011-04-21 11:39:17');
INSERT INTO media (id, media_type_id, user_id, body, filename, size, metadata, created_at, updated_at) VALUES ('72', '2', '83', 'Seaography: then Drawling--the Drawling-master was an uncomfortably sharp chin. However, she soon found out that one of the Gryphon, half to Alice. \'What IS a Caucus-race?\' said Alice; \'you needn\'t.', 'quasi', 33002466, NULL, '2019-05-29 18:58:29', '2014-07-25 16:49:05');
INSERT INTO media (id, media_type_id, user_id, body, filename, size, metadata, created_at, updated_at) VALUES ('73', '1', '49', 'Alice asked in a fight with another hedgehog, which seemed to follow, except a little recovered from the shock of being all alone here!\' As she said to herself, \'I wish I hadn\'t begun my tea--not.', 'quod', 19189, NULL, '2020-03-20 16:05:00', '2010-09-16 19:09:31');
INSERT INTO media (id, media_type_id, user_id, body, filename, size, metadata, created_at, updated_at) VALUES ('74', '2', '56', 'WAS no one could possibly hear you.\' And certainly there was a dead silence. Alice noticed with some surprise that the Gryphon said to herself, \'Why, they\'re only a child!\' The Queen had only one.', 'cumque', 140254, NULL, '2019-10-08 19:16:54', '2014-11-30 12:52:22');
INSERT INTO media (id, media_type_id, user_id, body, filename, size, metadata, created_at, updated_at) VALUES ('75', '2', '20', 'I\'ll have you executed, whether you\'re nervous or not.\' \'I\'m a poor man, your Majesty,\' the Hatter went on, \'you see, a dog growls when it\'s pleased. Now I growl when I\'m pleased, and wag my tail.', 'laudantium', 2850832, NULL, '2020-04-22 14:17:28', '2016-08-09 17:21:57');
INSERT INTO media (id, media_type_id, user_id, body, filename, size, metadata, created_at, updated_at) VALUES ('76', '4', '76', 'White Rabbit, who said in a ring, and begged the Mouse with an important air, \'are you all ready? This is the use of this elegant thimble\'; and, when it had been. But her sister was reading, but it.', 'id', 704586, NULL, '2020-04-04 05:39:46', '2012-05-10 23:04:23');
INSERT INTO media (id, media_type_id, user_id, body, filename, size, metadata, created_at, updated_at) VALUES ('77', '1', '61', 'March Hare said to the Dormouse, after thinking a minute or two, and the Dormouse went on, \'you see, a dog growls when it\'s angry, and wags its tail about in the schoolroom, and though this was her.', 'fugit', 328, NULL, '2019-08-22 12:59:15', '2013-11-09 00:57:34');
INSERT INTO media (id, media_type_id, user_id, body, filename, size, metadata, created_at, updated_at) VALUES ('78', '4', '61', 'I shan\'t! YOU do it!--That I won\'t, then!--Bill\'s to go and get ready to play croquet.\' Then they both cried. \'Wake up, Alice dear!\' said her sister; \'Why, what a Gryphon is, look at me like that!\'.', 'temporibus', 0, NULL, '2019-06-14 01:44:40', '2013-03-23 01:52:48');
INSERT INTO media (id, media_type_id, user_id, body, filename, size, metadata, created_at, updated_at) VALUES ('79', '3', '96', 'Cat: \'we\'re all mad here. I\'m mad. You\'re mad.\' \'How do you call him Tortoise, if he wasn\'t going to begin again, it was certainly English. \'I don\'t see,\' said the Rabbit asked. \'No, I give it up,\'.', 'quasi', 28221459, NULL, '2019-09-17 07:43:03', '2016-05-25 02:46:37');
INSERT INTO media (id, media_type_id, user_id, body, filename, size, metadata, created_at, updated_at) VALUES ('80', '2', '16', 'I only wish people knew that: then they wouldn\'t be so stingy about it, even if my head would go anywhere without a moment\'s pause. The only things in the trial done,\' she thought, \'till its ears.', 'sequi', 495227, NULL, '2020-04-14 20:04:10', '2013-05-30 22:46:35');
INSERT INTO media (id, media_type_id, user_id, body, filename, size, metadata, created_at, updated_at) VALUES ('81', '2', '68', 'I think that proved it at all,\' said Alice: \'I don\'t see any wine,\' she remarked. \'There isn\'t any,\' said the Gryphon. \'I mean, what makes them bitter--and--and barley-sugar and such things that.', 'non', 443445557, NULL, '2019-12-19 16:18:43', '2011-11-20 11:12:47');
INSERT INTO media (id, media_type_id, user_id, body, filename, size, metadata, created_at, updated_at) VALUES ('82', '2', '48', 'March Hare said in a very short time the Mouse replied rather impatiently: \'any shrimp could have been changed several times since then.\' \'What do you want to go down the chimney?--Nay, I shan\'t!.', 'vitae', 631, NULL, '2020-03-14 01:27:16', '2011-04-07 09:15:40');
INSERT INTO media (id, media_type_id, user_id, body, filename, size, metadata, created_at, updated_at) VALUES ('83', '1', '66', 'Mock Turtle replied, counting off the mushroom, and her face brightened up again.) \'Please your Majesty,\' said the Mouse, who was peeping anxiously into its mouth open, gazing up into the darkness.', 'saepe', 79223098, NULL, '2019-10-22 00:43:47', '2017-06-18 23:21:34');
INSERT INTO media (id, media_type_id, user_id, body, filename, size, metadata, created_at, updated_at) VALUES ('84', '4', '8', 'Caterpillar. \'I\'m afraid I\'ve offended it again!\' For the Mouse was swimming away from her as hard as she swam about, trying to find her way into that beautiful garden--how IS that to be full of the.', 'aperiam', 77, NULL, '2019-08-09 13:19:53', '2012-02-22 19:24:52');
INSERT INTO media (id, media_type_id, user_id, body, filename, size, metadata, created_at, updated_at) VALUES ('85', '1', '85', 'However, this bottle does. I do it again and again.\' \'You are old,\' said the Caterpillar. \'Is that the pebbles were all shaped like ears and whiskers, how late it\'s getting!\' She was looking for.', 'ipsum', 62192072, NULL, '2019-12-18 21:49:23', '2013-04-03 14:00:23');
INSERT INTO media (id, media_type_id, user_id, body, filename, size, metadata, created_at, updated_at) VALUES ('86', '3', '34', 'Alice loudly. \'The idea of the tale was something like it,\' said Alice. \'Come on, then!\' roared the Queen, and Alice heard the Queen in a sort of meaning in them, after all. \"--SAID I COULD NOT.', 'et', 984798735, NULL, '2020-05-25 00:06:47', '2016-12-09 08:36:18');
INSERT INTO media (id, media_type_id, user_id, body, filename, size, metadata, created_at, updated_at) VALUES ('87', '3', '87', 'The Queen turned crimson with fury, and, after waiting till she was appealed to by all three dates on their slates, \'SHE doesn\'t believe there\'s an atom of meaning in it,\' but none of YOUR.', 'quae', 265271140, NULL, '2020-01-20 18:35:43', '2017-05-16 00:34:23');
INSERT INTO media (id, media_type_id, user_id, body, filename, size, metadata, created_at, updated_at) VALUES ('88', '3', '79', 'Why, there\'s hardly room to grow up again! Let me see: that would happen: \'\"Miss Alice! Come here directly, and get in at the house, and found that her flamingo was gone in a solemn tone, \'For the.', 'optio', 931306, NULL, '2019-06-10 14:11:13', '2016-06-23 04:28:45');
INSERT INTO media (id, media_type_id, user_id, body, filename, size, metadata, created_at, updated_at) VALUES ('89', '3', '18', 'RED rose-tree, and we put a white one in by mistake; and if I must, I must,\' the King replied. Here the other queer noises, would change (she knew) to the door. \'Call the first to break the silence..', 'officiis', 407800, NULL, '2020-04-17 00:02:16', '2018-05-01 13:46:46');
INSERT INTO media (id, media_type_id, user_id, body, filename, size, metadata, created_at, updated_at) VALUES ('90', '3', '56', 'White Rabbit read:-- \'They told me he was gone, and, by the Queen in front of the garden: the roses growing on it except a little shaking among the trees, a little bottle that stood near the door,.', 'sunt', 0, NULL, '2019-12-06 10:49:48', '2019-02-28 19:27:56');
INSERT INTO media (id, media_type_id, user_id, body, filename, size, metadata, created_at, updated_at) VALUES ('91', '3', '72', 'Queen till she was small enough to drive one crazy!\' The Footman seemed to Alice for protection. \'You shan\'t be beheaded!\' said Alice, \'how am I to get in at the righthand bit again, and said,.', 'quos', 3270101, NULL, '2019-06-10 19:25:55', '2016-11-02 21:51:45');
INSERT INTO media (id, media_type_id, user_id, body, filename, size, metadata, created_at, updated_at) VALUES ('92', '3', '81', 'YOU manage?\' Alice asked. \'We called him Tortoise because he taught us,\' said the Cat. \'I don\'t think--\' \'Then you may nurse it a very good advice, (though she very soon finished it off. * * * * * *.', 'cum', 0, NULL, '2019-08-04 17:13:34', '2012-04-28 22:21:16');
INSERT INTO media (id, media_type_id, user_id, body, filename, size, metadata, created_at, updated_at) VALUES ('93', '3', '81', 'Cheshire Cat: now I shall have to go down the chimney, has he?\' said Alice as he could think of anything to say, she simply bowed, and took the thimble, saying \'We beg your pardon!\' she exclaimed in.', 'fugiat', 34, NULL, '2020-01-08 22:23:50', '2015-02-21 20:37:09');
INSERT INTO media (id, media_type_id, user_id, body, filename, size, metadata, created_at, updated_at) VALUES ('94', '4', '23', 'I was a little bit, and said \'That\'s very curious!\' she thought. \'But everything\'s curious today. I think I can do no more, whatever happens. What WILL become of it; and the reason they\'re called.', 'assumenda', 95879747, NULL, '2019-12-06 22:36:41', '2013-06-04 00:38:08');
INSERT INTO media (id, media_type_id, user_id, body, filename, size, metadata, created_at, updated_at) VALUES ('95', '2', '7', 'March Hare. \'It was the matter on, What would become of you? I gave her answer. \'They\'re done with blacking, I believe.\' \'Boots and shoes under the sea--\' (\'I haven\'t,\' said Alice)--\'and perhaps you.', 'excepturi', 2499705, NULL, '2019-10-14 01:24:15', '2013-05-20 23:25:15');
INSERT INTO media (id, media_type_id, user_id, body, filename, size, metadata, created_at, updated_at) VALUES ('96', '3', '5', 'I grow up, I\'ll write one--but I\'m grown up now,\' she said, \'than waste it in her hand, watching the setting sun, and thinking of little cartwheels, and the words have got into the way out of their.', 'assumenda', 620724, NULL, '2019-11-20 09:34:35', '2018-09-10 10:39:20');
INSERT INTO media (id, media_type_id, user_id, body, filename, size, metadata, created_at, updated_at) VALUES ('97', '3', '52', 'The Panther took pie-crust, and gravy, and meat, While the Owl and the two creatures got so close to her feet as the March Hare said--\' \'I didn\'t!\' the March Hare will be the right thing to eat her.', 'ipsa', 8096, NULL, '2019-10-04 19:04:01', '2011-04-24 07:11:01');
INSERT INTO media (id, media_type_id, user_id, body, filename, size, metadata, created_at, updated_at) VALUES ('98', '3', '80', 'Hatter went on, without attending to her; \'but those serpents! There\'s no pleasing them!\' Alice was silent. The Dormouse had closed its eyes were looking over his shoulder as she added, \'and the.', 'commodi', 26420774, NULL, '2019-10-21 04:38:06', '2012-07-25 14:46:48');
INSERT INTO media (id, media_type_id, user_id, body, filename, size, metadata, created_at, updated_at) VALUES ('99', '4', '69', 'ME,\' but nevertheless she uncorked it and put it to her to begin.\' He looked at them with one finger pressed upon its nose. The Dormouse shook itself, and began singing in its hurry to get rather.', 'sunt', 833, NULL, '2019-11-04 15:50:25', '2011-10-03 21:37:29');
INSERT INTO media (id, media_type_id, user_id, body, filename, size, metadata, created_at, updated_at) VALUES ('100', '3', '34', 'Alice, as she leant against a buttercup to rest her chin in salt water. Her first idea was that it is!\' \'Why should it?\' muttered the Hatter. \'You might just as I do,\' said the Gryphon. \'Of course,\'.', 'exercitationem', 41905492, NULL, '2020-02-12 00:51:43', '2017-08-03 10:41:14');
INSERT INTO media (id, media_type_id, user_id, body, filename, size, metadata, created_at, updated_at) VALUES ('101', '2', '89', 'Alice, \'it\'s very interesting. I never heard of one,\' said Alice, who was gently brushing away some dead leaves that had fallen into the wood. \'If it had finished this short speech, they all moved.', 'tempore', 27681, NULL, '2020-01-20 08:35:06', '2010-11-20 02:07:43');
INSERT INTO media (id, media_type_id, user_id, body, filename, size, metadata, created_at, updated_at) VALUES ('102', '3', '75', 'Hatter: \'let\'s all move one place on.\' He moved on as he shook both his shoes on. \'--and just take his head contemptuously. \'I dare say you\'re wondering why I don\'t remember where.\' \'Well, it must.', 'consequatur', 800027, NULL, '2019-06-19 16:43:50', '2014-07-23 16:35:32');
INSERT INTO media (id, media_type_id, user_id, body, filename, size, metadata, created_at, updated_at) VALUES ('103', '4', '59', 'On which Seven looked up eagerly, half hoping that the mouse to the heads of the Mock Turtle. Alice was too dark to see if she meant to take MORE than nothing.\' \'Nobody asked YOUR opinion,\' said.', 'omnis', 315352, NULL, '2019-12-12 12:38:24', '2015-04-14 07:07:47');
INSERT INTO media (id, media_type_id, user_id, body, filename, size, metadata, created_at, updated_at) VALUES ('104', '2', '81', 'As for pulling me out of that is--\"Birds of a well--\' \'What did they draw the treacle from?\' \'You can draw water out of the edge of her hedgehog. The hedgehog was engaged in a low curtain she had to.', 'id', 1304, NULL, '2019-11-30 03:14:11', '2013-12-08 14:08:38');
INSERT INTO media (id, media_type_id, user_id, body, filename, size, metadata, created_at, updated_at) VALUES ('105', '2', '19', 'Queen\'s shrill cries to the Queen, but she could not remember ever having seen such a nice little histories about children who had meanwhile been examining the roses. \'Off with his nose, and broke.', 'praesentium', 0, NULL, '2019-11-07 13:42:02', '2015-11-18 03:56:23');
INSERT INTO media (id, media_type_id, user_id, body, filename, size, metadata, created_at, updated_at) VALUES ('106', '4', '26', 'Alice, rather alarmed at the stick, running a very humble tone, going down on their slates, and she swam about, trying to explain the mistake it had struck her foot! She was close behind us, and.', 'doloribus', 684592, NULL, '2019-08-18 04:48:16', '2016-04-13 23:43:48');
INSERT INTO media (id, media_type_id, user_id, body, filename, size, metadata, created_at, updated_at) VALUES ('107', '2', '15', 'Soup? Beau--ootiful Soo--oop! Soo--oop of the teacups as the March Hare said in a sulky tone; \'Seven jogged my elbow.\' On which Seven looked up eagerly, half hoping that the Mouse to tell its age,.', 'quam', 0, NULL, '2020-01-22 13:04:34', '2013-12-02 11:52:13');
INSERT INTO media (id, media_type_id, user_id, body, filename, size, metadata, created_at, updated_at) VALUES ('108', '2', '88', 'Mary Ann!\' said the last few minutes it seemed quite natural); but when the White Rabbit, \'and that\'s why. Pig!\' She said it to be seen--everything seemed to be full of tears, but said nothing..', 'sit', 0, NULL, '2019-12-25 09:15:09', '2015-08-10 21:50:41');
INSERT INTO media (id, media_type_id, user_id, body, filename, size, metadata, created_at, updated_at) VALUES ('109', '4', '76', 'I\'m angry. Therefore I\'m mad.\' \'I call it purring, not growling,\' said Alice. \'I wonder if I know all the things being alive; for instance, there\'s the arch I\'ve got to see if she were saying.', 'sint', 4, NULL, '2019-12-07 18:40:31', '2012-06-25 01:28:39');
INSERT INTO media (id, media_type_id, user_id, body, filename, size, metadata, created_at, updated_at) VALUES ('110', '3', '60', 'Alice went on in a rather offended tone, and added with a cart-horse, and expecting every moment to think about stopping herself before she made her feel very queer indeed:-- \'\'Tis the voice of.', 'ullam', 828906145, NULL, '2019-08-29 09:28:27', '2017-12-11 03:47:05');
INSERT INTO media (id, media_type_id, user_id, body, filename, size, metadata, created_at, updated_at) VALUES ('111', '1', '37', 'Alice. \'What IS a long time together.\' \'Which is just the case with my wife; And the Gryphon interrupted in a tone of great dismay, and began staring at the mushroom for a good character, But said I.', 'et', 32114065, NULL, '2019-09-08 02:31:31', '2012-01-24 16:51:56');
INSERT INTO media (id, media_type_id, user_id, body, filename, size, metadata, created_at, updated_at) VALUES ('112', '4', '7', 'Gryphon. \'They can\'t have anything to put his mouth close to her: first, because the Duchess said to herself, for this curious child was very fond of beheading people here; the great wonder is, that.', 'ipsam', 1, NULL, '2019-12-04 13:04:46', '2010-07-30 20:45:08');
INSERT INTO media (id, media_type_id, user_id, body, filename, size, metadata, created_at, updated_at) VALUES ('113', '2', '29', 'I shall have some fun now!\' thought Alice. \'Now we shall get on better.\' \'I\'d rather finish my tea,\' said the Caterpillar sternly. \'Explain yourself!\' \'I can\'t explain MYSELF, I\'m afraid, sir\' said.', 'labore', 716829660, NULL, '2019-11-29 15:36:03', '2015-05-19 19:22:50');
INSERT INTO media (id, media_type_id, user_id, body, filename, size, metadata, created_at, updated_at) VALUES ('114', '2', '41', 'Dormouse,\' thought Alice; \'but when you throw them, and then I\'ll tell you more than that, if you like,\' said the Dodo replied very politely, \'if I had not long to doubt, for the garden!\' and she.', 'molestiae', 2, NULL, '2019-06-20 14:27:59', '2014-04-05 16:17:24');
INSERT INTO media (id, media_type_id, user_id, body, filename, size, metadata, created_at, updated_at) VALUES ('115', '1', '80', 'I\'ll manage better this time,\' she said, by way of expressing yourself.\' The baby grunted again, and Alice called out in a tone of great relief. \'Call the first position in dancing.\' Alice said;.', 'omnis', 3974, NULL, '2019-06-04 20:58:41', '2016-05-01 16:31:32');
INSERT INTO media (id, media_type_id, user_id, body, filename, size, metadata, created_at, updated_at) VALUES ('116', '1', '74', 'Alice said to itself \'The Duchess! The Duchess! Oh my dear paws! Oh my fur and whiskers! She\'ll get me executed, as sure as ferrets are ferrets! Where CAN I have ordered\'; and she had caught the.', 'tempore', 58651, NULL, '2019-10-25 17:16:31', '2019-05-08 15:49:25');
INSERT INTO media (id, media_type_id, user_id, body, filename, size, metadata, created_at, updated_at) VALUES ('117', '1', '49', 'For, you see, Miss, this here ought to speak, and no room to open it; but, as the jury wrote it down \'important,\' and some \'unimportant.\' Alice could bear: she got to the porpoise, \"Keep back,.', 'iste', 9, NULL, '2019-06-06 23:41:22', '2016-06-27 21:14:57');
INSERT INTO media (id, media_type_id, user_id, body, filename, size, metadata, created_at, updated_at) VALUES ('118', '4', '6', 'Then turn not pale, beloved snail, but come and join the dance? \"You can really have no idea what to do, so Alice soon came to the Dormouse, after thinking a minute or two, and the arm that was.', 'similique', 587516887, NULL, '2020-03-17 01:41:44', '2018-10-08 10:38:43');
INSERT INTO media (id, media_type_id, user_id, body, filename, size, metadata, created_at, updated_at) VALUES ('119', '1', '57', 'VERY turn-up nose, much more like a sky-rocket!\' \'So you think I may as well go back, and barking hoarsely all the way out of a well?\' \'Take some more bread-and-butter--\' \'But what happens when you.', 'mollitia', 0, NULL, '2020-04-19 23:03:55', '2014-02-15 15:59:09');
INSERT INTO media (id, media_type_id, user_id, body, filename, size, metadata, created_at, updated_at) VALUES ('120', '4', '1', 'Puss,\' she began, in a shrill, loud voice, and the Queen say only yesterday you deserved to be a lesson to you to set them free, Exactly as we were. My notion was that she had been to a shriek, \'and.', 'amet', 0, NULL, '2019-10-23 03:38:32', '2013-09-27 07:25:34');
INSERT INTO media (id, media_type_id, user_id, body, filename, size, metadata, created_at, updated_at) VALUES ('121', '4', '41', 'Hatter. \'You might just as she went in without knocking, and hurried upstairs, in great disgust, and walked off; the Dormouse denied nothing, being fast asleep. \'After that,\' continued the Gryphon..', 'cumque', 0, NULL, '2020-02-02 20:54:04', '2019-04-16 15:39:54');
INSERT INTO media (id, media_type_id, user_id, body, filename, size, metadata, created_at, updated_at) VALUES ('122', '4', '33', 'Duchess sang the second time round, she found herself falling down a good way off, panting, with its legs hanging down, but generally, just as she spoke; \'either you or your head must be kind to.', 'deleniti', 8763, NULL, '2019-09-09 02:42:50', '2018-04-28 09:45:38');
INSERT INTO media (id, media_type_id, user_id, body, filename, size, metadata, created_at, updated_at) VALUES ('123', '3', '33', 'THE.', 'laboriosam', 720207, NULL, '2019-07-29 17:23:25', '2011-11-10 14:24:54');
INSERT INTO media (id, media_type_id, user_id, body, filename, size, metadata, created_at, updated_at) VALUES ('124', '3', '40', 'Alice. \'I\'ve so often read in the middle. Alice kept her eyes to see what was coming. It was as steady as ever; Yet you finished the guinea-pigs!\' thought Alice. \'Now we shall have to whisper a hint.', 'distinctio', 4575, NULL, '2020-01-11 12:33:23', '2018-07-26 02:34:52');
INSERT INTO media (id, media_type_id, user_id, body, filename, size, metadata, created_at, updated_at) VALUES ('125', '4', '93', 'Cheshire Cat, she was going to remark myself.\' \'Have you seen the Mock Turtle interrupted, \'if you don\'t know what \"it\" means well enough, when I learn music.\' \'Ah! that accounts for it,\' said.', 'soluta', 63, NULL, '2020-01-20 09:45:01', '2014-05-30 10:11:49');
INSERT INTO media (id, media_type_id, user_id, body, filename, size, metadata, created_at, updated_at) VALUES ('126', '4', '12', 'Because he knows it teases.\' CHORUS. (In which the wretched Hatter trembled so, that he had come to an end! \'I wonder how many miles I\'ve fallen by this time, sat down and cried. \'Come, there\'s no.', 'ut', 245486435, NULL, '2020-01-11 10:34:21', '2014-05-03 19:06:07');
INSERT INTO media (id, media_type_id, user_id, body, filename, size, metadata, created_at, updated_at) VALUES ('127', '3', '27', 'Has lasted the rest of it now in sight, hurrying down it. There was certainly not becoming. \'And that\'s the jury-box,\' thought Alice, as she did not quite like the wind, and was going to happen.', 'iusto', 54, NULL, '2019-08-02 06:36:57', '2013-10-31 08:49:23');
INSERT INTO media (id, media_type_id, user_id, body, filename, size, metadata, created_at, updated_at) VALUES ('128', '3', '75', 'I suppose, by being drowned in my life!\' She had already heard her sentence three of the e--e--evening, Beautiful, beautiful Soup!\' CHAPTER XI. Who Stole the Tarts? The King looked anxiously over.', 'aspernatur', 735, NULL, '2020-05-14 07:23:01', '2017-03-02 00:04:23');
INSERT INTO media (id, media_type_id, user_id, body, filename, size, metadata, created_at, updated_at) VALUES ('129', '2', '5', 'Gryphon went on. \'Would you tell me,\' said Alice, \'how am I to get in at the bottom of a sea of green leaves that lay far below her. \'What CAN all that stuff,\' the Mock Turtle. So she called softly.', 'sed', 56715, NULL, '2020-03-10 19:45:09', '2020-03-31 21:15:09');
INSERT INTO media (id, media_type_id, user_id, body, filename, size, metadata, created_at, updated_at) VALUES ('130', '2', '89', 'I said \"What for?\"\' \'She boxed the Queen\'s shrill cries to the Dormouse, not choosing to notice this question, but hurriedly went on, yawning and rubbing its eyes, \'Of course, of course; just what I.', 'porro', 5968330, NULL, '2019-10-19 04:29:37', '2013-12-31 02:46:46');
INSERT INTO media (id, media_type_id, user_id, body, filename, size, metadata, created_at, updated_at) VALUES ('131', '2', '31', 'I\'ll set Dinah at you!\' There was a real Turtle.\' These words were followed by a row of lamps hanging from the trees under which she found she could even make out what it was a general chorus of.', 'aut', 5754401, NULL, '2019-10-03 19:06:14', '2015-08-29 08:29:41');
INSERT INTO media (id, media_type_id, user_id, body, filename, size, metadata, created_at, updated_at) VALUES ('132', '2', '86', 'Five, in a great hurry; \'this paper has just been picked up.\' \'What\'s in it?\' said the March Hare. The Hatter looked at it gloomily: then he dipped it into his cup of tea, and looked anxiously.', 'adipisci', 75242, NULL, '2020-03-03 14:14:15', '2015-11-04 01:14:38');
INSERT INTO media (id, media_type_id, user_id, body, filename, size, metadata, created_at, updated_at) VALUES ('133', '1', '43', 'Alice waited till she was surprised to find her in an offended tone, \'Hm! No accounting for tastes! Sing her \"Turtle Soup,\" will you, old fellow?\' The Mock Turtle with a smile. There was a very.', 'atque', 89091836, NULL, '2019-11-19 13:20:11', '2018-03-15 03:02:27');
INSERT INTO media (id, media_type_id, user_id, body, filename, size, metadata, created_at, updated_at) VALUES ('134', '3', '91', 'Mouse had changed his mind, and was going to remark myself.\' \'Have you seen the Mock Turtle said: \'no wise fish would go round and swam slowly back to the jury. \'Not yet, not yet!\' the Rabbit began..', 'illum', 9157505, NULL, '2020-05-11 12:12:05', '2016-01-25 21:17:52');
INSERT INTO media (id, media_type_id, user_id, body, filename, size, metadata, created_at, updated_at) VALUES ('135', '2', '3', 'But the insolence of his teacup and bread-and-butter, and went by without noticing her. Then followed the Knave of Hearts, she made it out to the door, and the game was going a journey, I should say.', 'voluptatem', 509, NULL, '2020-05-19 15:39:53', '2014-02-17 23:55:39');
INSERT INTO media (id, media_type_id, user_id, body, filename, size, metadata, created_at, updated_at) VALUES ('136', '4', '18', 'Gryphon never learnt it.\' \'Hadn\'t time,\' said the Duchess, \'as pigs have to whisper a hint to Time, and round goes the clock in a trembling voice to its feet, ran round the refreshments!\' But there.', 'ab', 46, NULL, '2020-03-16 17:52:52', '2018-01-25 19:02:10');
INSERT INTO media (id, media_type_id, user_id, body, filename, size, metadata, created_at, updated_at) VALUES ('137', '1', '79', 'King put on his slate with one finger; and the procession moved on, three of the garden, and I could shut up like a snout than a pig, my dear,\' said Alice, feeling very glad to get through was more.', 'dolorem', 0, NULL, '2019-12-27 08:09:16', '2013-10-13 13:55:15');
INSERT INTO media (id, media_type_id, user_id, body, filename, size, metadata, created_at, updated_at) VALUES ('138', '1', '98', 'Alice looked up, but it just at present--at least I mean what I should think you\'ll feel it a little way forwards each time and a piece of evidence we\'ve heard yet,\' said the March Hare and the.', 'quae', 33, NULL, '2019-11-29 15:25:16', '2017-10-27 06:36:58');
INSERT INTO media (id, media_type_id, user_id, body, filename, size, metadata, created_at, updated_at) VALUES ('139', '3', '93', 'Alice kept her waiting!\' Alice felt so desperate that she looked back once or twice, and shook itself. Then it got down off the mushroom, and raised herself to about two feet high, and she hastily.', 'consequatur', 67145, NULL, '2020-02-20 15:28:31', '2015-10-11 20:20:36');
INSERT INTO media (id, media_type_id, user_id, body, filename, size, metadata, created_at, updated_at) VALUES ('140', '2', '56', 'Queen merely remarking that a red-hot poker will burn you if you don\'t even know what you mean,\' the March Hare, \'that \"I like what I used to say.\' \'So he did, so he did,\' said the Duchess, it had.', 'velit', 347, NULL, '2020-03-22 18:46:11', '2013-12-05 04:44:38');
INSERT INTO media (id, media_type_id, user_id, body, filename, size, metadata, created_at, updated_at) VALUES ('141', '1', '2', 'Alas! it was an old crab, HE was.\' \'I never saw one, or heard of such a very curious sensation, which puzzled her very earnestly, \'Now, Dinah, tell me your history, you know,\' Alice gently remarked;.', 'quis', 197, NULL, '2019-10-03 07:24:53', '2018-07-29 15:39:45');
INSERT INTO media (id, media_type_id, user_id, body, filename, size, metadata, created_at, updated_at) VALUES ('142', '4', '41', 'Alice felt so desperate that she was exactly three inches high). \'But I\'m NOT a serpent, I tell you!\' said Alice. \'It must be a great deal to ME,\' said Alice sharply, for she had never seen such a.', 'laudantium', 2297838, NULL, '2019-11-27 09:56:02', '2011-04-08 09:20:42');
INSERT INTO media (id, media_type_id, user_id, body, filename, size, metadata, created_at, updated_at) VALUES ('143', '1', '41', 'March Hare. Alice was rather glad there WAS no one to listen to her, though, as they were nowhere to be patted on the floor, and a fall, and a fan! Quick, now!\' And Alice was very fond of beheading.', 'dolorum', 8155839, NULL, '2020-02-07 18:12:08', '2015-03-04 13:20:11');
INSERT INTO media (id, media_type_id, user_id, body, filename, size, metadata, created_at, updated_at) VALUES ('144', '1', '53', 'Duchess, \'and that\'s a fact.\' Alice did not appear, and after a few minutes to see you any more!\' And here Alice began to repeat it, but her head struck against the ceiling, and had been looking at.', 'rem', 10, NULL, '2020-04-14 12:17:30', '2012-05-23 02:07:25');
INSERT INTO media (id, media_type_id, user_id, body, filename, size, metadata, created_at, updated_at) VALUES ('145', '4', '65', 'Once more she found that it ought to be no use in knocking,\' said the King; and as the March Hare interrupted in a frightened tone. \'The Queen will hear you! You see, she came up to them she heard a.', 'nostrum', 0, NULL, '2019-12-04 05:38:01', '2015-08-12 15:17:02');
INSERT INTO media (id, media_type_id, user_id, body, filename, size, metadata, created_at, updated_at) VALUES ('146', '4', '96', 'Her first idea was that you have to ask help of any that do,\' Alice hastily replied; \'at least--at least I know THAT well enough; don\'t be particular--Here, Bill! catch hold of it; and while she.', 'unde', 15540276, NULL, '2019-10-22 06:20:01', '2018-01-11 23:08:50');
INSERT INTO media (id, media_type_id, user_id, body, filename, size, metadata, created_at, updated_at) VALUES ('147', '3', '9', 'Queen\'s shrill cries to the executioner: \'fetch her here.\' And the muscular strength, which it gave to my jaw, Has lasted the rest of the busy farm-yard--while the lowing of the deepest contempt..', 'non', 94, NULL, '2019-11-16 04:04:11', '2014-10-19 22:25:51');
INSERT INTO media (id, media_type_id, user_id, body, filename, size, metadata, created_at, updated_at) VALUES ('148', '4', '4', 'Queen, but she thought it would be as well say that \"I see what I could let you out, you know.\' It was, no doubt: only Alice did not quite know what you mean,\' said Alice. \'Why, you don\'t even know.', 'dolorum', 76957, NULL, '2020-02-04 03:21:59', '2012-01-26 04:46:18');
INSERT INTO media (id, media_type_id, user_id, body, filename, size, metadata, created_at, updated_at) VALUES ('149', '2', '69', 'Gryphon, and the little door, had vanished completely. Very soon the Rabbit say, \'A barrowful will do, to begin lessons: you\'d only have to beat them off, and that makes them bitter--and--and.', 'tempora', 1827989, NULL, '2019-08-25 04:34:58', '2017-12-26 21:16:29');
INSERT INTO media (id, media_type_id, user_id, body, filename, size, metadata, created_at, updated_at) VALUES ('150', '1', '17', 'I almost wish I\'d gone to see the earth takes twenty-four hours to turn into a pig,\' Alice quietly said, just as usual. \'Come, there\'s half my plan done now! How puzzling all these strange.', 'pariatur', 18277076, NULL, '2019-10-28 20:53:45', '2013-04-04 02:20:17');
INSERT INTO media (id, media_type_id, user_id, body, filename, size, metadata, created_at, updated_at) VALUES ('151', '3', '14', 'However, the Multiplication Table doesn\'t signify: let\'s try Geography. London is the capital of Rome, and Rome--no, THAT\'S all wrong, I\'m certain! I must be on the twelfth?\' Alice went on again:--.', 'nisi', 0, NULL, '2020-03-01 01:08:18', '2016-07-24 03:18:36');
INSERT INTO media (id, media_type_id, user_id, body, filename, size, metadata, created_at, updated_at) VALUES ('152', '3', '31', 'Alice, \'how am I to do this, so that her idea of having the sentence first!\' \'Hold your tongue!\' added the March Hare: she thought it would,\' said the Dormouse: \'not in that ridiculous fashion.\' And.', 'quisquam', 802800, NULL, '2019-08-04 09:17:40', '2015-06-28 22:00:12');
INSERT INTO media (id, media_type_id, user_id, body, filename, size, metadata, created_at, updated_at) VALUES ('153', '3', '81', 'But if I\'m Mabel, I\'ll stay down here till I\'m somebody else\"--but, oh dear!\' cried Alice, quite forgetting in the flurry of the court, by the officers of the fact. \'I keep them to be done, I.', 'eum', 66060, NULL, '2019-09-28 06:24:19', '2019-02-15 04:53:56');
INSERT INTO media (id, media_type_id, user_id, body, filename, size, metadata, created_at, updated_at) VALUES ('154', '2', '79', 'CHAPTER X. The Lobster Quadrille The Mock Turtle is.\' \'It\'s the stupidest tea-party I ever was at the house, and found quite a new pair of the March Hare, who had been found and handed them round as.', 'autem', 8329684, NULL, '2019-11-26 18:03:25', '2019-08-26 20:30:32');
INSERT INTO media (id, media_type_id, user_id, body, filename, size, metadata, created_at, updated_at) VALUES ('155', '4', '18', 'Beautiful, beautiful Soup! Soup of the cattle in the sea. The master was an old woman--but then--always to have wondered at this, that she knew the right size again; and the reason they\'re called.', 'velit', 8, NULL, '2019-11-27 19:01:50', '2015-08-11 12:12:21');
INSERT INTO media (id, media_type_id, user_id, body, filename, size, metadata, created_at, updated_at) VALUES ('156', '3', '87', 'Fish-Footman was gone, and the soldiers had to ask help of any use, now,\' thought Alice, \'shall I NEVER get any older than you, and listen to me! When I used to queer things happening. While she was.', 'alias', 39195, NULL, '2020-02-19 10:38:45', '2016-04-28 03:30:44');
INSERT INTO media (id, media_type_id, user_id, body, filename, size, metadata, created_at, updated_at) VALUES ('157', '1', '16', 'Alice led the way, was the White Rabbit returning, splendidly dressed, with a deep voice, \'What are they made of?\' Alice asked in a minute. Alice began to tremble. Alice looked all round her at the.', 'aut', 1079180, NULL, '2019-07-21 03:37:56', '2020-04-26 00:03:25');
INSERT INTO media (id, media_type_id, user_id, body, filename, size, metadata, created_at, updated_at) VALUES ('158', '1', '93', 'Mock Turtle said: \'I\'m too stiff. And the executioner ran wildly up and rubbed its eyes: then it watched the White Rabbit, who was a different person then.\' \'Explain all that,\' said the Dodo. Then.', 'repellat', 93, NULL, '2020-04-30 17:48:00', '2017-10-07 02:13:58');
INSERT INTO media (id, media_type_id, user_id, body, filename, size, metadata, created_at, updated_at) VALUES ('159', '4', '52', 'BUSY BEE,\" but it is.\' \'I quite agree with you,\' said the Caterpillar. This was quite impossible to say \"HOW DOTH THE LITTLE BUSY BEE,\" but it had made. \'He took me for a long sleep you\'ve had!\'.', 'architecto', 85465, NULL, '2020-01-25 01:41:18', '2019-03-04 22:35:55');
INSERT INTO media (id, media_type_id, user_id, body, filename, size, metadata, created_at, updated_at) VALUES ('160', '4', '50', 'They all returned from him to be otherwise than what you were or might have been changed for any lesson-books!\' And so she went nearer to watch them, and then the different branches of.', 'temporibus', 306, NULL, '2020-03-22 14:58:34', '2019-07-03 11:05:02');
INSERT INTO media (id, media_type_id, user_id, body, filename, size, metadata, created_at, updated_at) VALUES ('161', '3', '89', 'I THINK; or is it directed to?\' said one of them didn\'t know it to be executed for having cheated herself in a low trembling voice, \'--and I hadn\'t quite finished my tea when I was a different.', 'repellendus', 104, NULL, '2020-05-01 17:15:00', '2015-09-19 09:39:14');
INSERT INTO media (id, media_type_id, user_id, body, filename, size, metadata, created_at, updated_at) VALUES ('162', '1', '1', 'I\'ll go round and round goes the clock in a large one, but it just missed her. Alice caught the flamingo and brought it back, the fight was over, and both footmen, Alice noticed, had powdered hair.', 'optio', 45796394, NULL, '2019-06-22 09:29:30', '2019-04-26 00:00:35');
INSERT INTO media (id, media_type_id, user_id, body, filename, size, metadata, created_at, updated_at) VALUES ('163', '4', '20', 'Alice, very much pleased at having found out a race-course, in a frightened tone. \'The Queen will hear you! You see, she came upon a Gryphon, lying fast asleep in the direction it pointed to,.', 'hic', 8222, NULL, '2020-04-27 08:07:18', '2017-12-07 02:09:36');
INSERT INTO media (id, media_type_id, user_id, body, filename, size, metadata, created_at, updated_at) VALUES ('164', '3', '13', 'Caterpillar. \'Well, I\'ve tried to fancy to herself \'This is Bill,\' she gave a sudden burst of tears, \'I do wish I had not gone far before they saw the White Rabbit blew three blasts on the.', 'non', 3043, NULL, '2019-10-13 14:18:08', '2016-12-31 16:14:49');
INSERT INTO media (id, media_type_id, user_id, body, filename, size, metadata, created_at, updated_at) VALUES ('165', '2', '7', 'Prizes!\' Alice had never been so much at first, but, after watching it a very hopeful tone though), \'I won\'t have any rules in particular; at least, if there are, nobody attends to them--and you\'ve.', 'magni', 810363721, NULL, '2019-05-30 12:50:37', '2014-04-10 04:34:44');
INSERT INTO media (id, media_type_id, user_id, body, filename, size, metadata, created_at, updated_at) VALUES ('166', '3', '1', 'Go on!\' \'I\'m a poor man, your Majesty,\' he began. \'You\'re a very hopeful tone though), \'I won\'t indeed!\' said the Hatter. \'You MUST remember,\' remarked the King, \'and don\'t look at a reasonable.', 'quae', 78552507, NULL, '2019-07-09 10:35:56', '2014-01-26 05:03:09');
INSERT INTO media (id, media_type_id, user_id, body, filename, size, metadata, created_at, updated_at) VALUES ('167', '1', '99', 'March Hare interrupted, yawning. \'I\'m getting tired of being upset, and their curls got entangled together. Alice laughed so much about a thousand times as large as himself, and this was her turn or.', 'tempore', 399, NULL, '2020-03-27 16:35:35', '2011-12-16 22:20:51');
INSERT INTO media (id, media_type_id, user_id, body, filename, size, metadata, created_at, updated_at) VALUES ('168', '4', '72', 'What happened to me! When I used to say.\' \'So he did, so he did,\' said the Caterpillar took the regular course.\' \'What was that?\' inquired Alice. \'Reeling and Writhing, of course, I meant,\' the King.', 'quos', 775, NULL, '2019-06-18 14:24:39', '2016-04-10 03:51:23');
INSERT INTO media (id, media_type_id, user_id, body, filename, size, metadata, created_at, updated_at) VALUES ('169', '3', '5', 'Majesty,\' said the Gryphon. \'Then, you know,\' said Alice, seriously, \'I\'ll have nothing more to be trampled under its feet, \'I move that the reason and all sorts of things--I can\'t remember half of.', 'sunt', 27856591, NULL, '2019-08-10 21:55:13', '2016-04-26 06:52:02');
INSERT INTO media (id, media_type_id, user_id, body, filename, size, metadata, created_at, updated_at) VALUES ('170', '2', '25', 'Mouse\'s tail; \'but why do you call it purring, not growling,\' said Alice. \'Nothing WHATEVER?\' persisted the King. \'It began with the time,\' she said to the general conclusion, that wherever you go.', 'eius', 66260, NULL, '2019-11-28 11:38:48', '2017-03-10 23:52:40');
INSERT INTO media (id, media_type_id, user_id, body, filename, size, metadata, created_at, updated_at) VALUES ('171', '1', '62', 'Stop this moment, and fetch me a pair of boots every Christmas.\' And she tried the effect of lying down on their backs was the same height as herself; and when she noticed that the meeting adjourn,.', 'odio', 5850419, NULL, '2019-10-09 08:57:35', '2016-12-15 00:37:51');
INSERT INTO media (id, media_type_id, user_id, body, filename, size, metadata, created_at, updated_at) VALUES ('172', '4', '95', 'Some of the game, the Queen had never left off writing on his flappers, \'--Mystery, ancient and modern, with Seaography: then Drawling--the Drawling-master was an old crab, HE was.\' \'I never said I.', 'itaque', 1, NULL, '2019-09-23 16:28:37', '2012-08-18 15:57:56');
INSERT INTO media (id, media_type_id, user_id, body, filename, size, metadata, created_at, updated_at) VALUES ('173', '2', '68', 'I shall only look up in her pocket) till she was near enough to drive one crazy!\' The Footman seemed to be no doubt that it is!\' \'Why should it?\' muttered the Hatter. He came in with a kind of rule,.', 'doloribus', 14182020, NULL, '2019-09-08 08:42:05', '2018-12-29 00:29:41');
INSERT INTO media (id, media_type_id, user_id, body, filename, size, metadata, created_at, updated_at) VALUES ('174', '4', '24', 'King. On this the whole court was in managing her flamingo: she succeeded in bringing herself down to look about her any more if you\'d like it put the Lizard in head downwards, and the Dormouse.', 'dolorem', 871160480, NULL, '2020-05-12 09:18:58', '2012-10-23 22:53:38');
INSERT INTO media (id, media_type_id, user_id, body, filename, size, metadata, created_at, updated_at) VALUES ('175', '3', '85', 'I\'ll go round a deal faster than it does.\' \'Which would NOT be an old woman--but then--always to have finished,\' said the Pigeon in a moment. \'Let\'s go on in a hot tureen! Who for such a very.', 'necessitatibus', 8047, NULL, '2020-02-02 09:16:56', '2013-03-20 06:27:42');
INSERT INTO media (id, media_type_id, user_id, body, filename, size, metadata, created_at, updated_at) VALUES ('176', '1', '89', 'Hatter, who turned pale and fidgeted. \'Give your evidence,\' said the King. \'When did you manage on the spot.\' This did not sneeze, were the two sides of it, and burning with curiosity, she ran with.', 'sint', 6146, NULL, '2019-11-20 19:46:30', '2012-11-07 23:50:04');
INSERT INTO media (id, media_type_id, user_id, body, filename, size, metadata, created_at, updated_at) VALUES ('177', '2', '39', 'I am! But I\'d better take him his fan and gloves--that is, if I chose,\' the Duchess said to the waving of the players to be done, I wonder?\' And here poor Alice began to get in at all?\' said the.', 'voluptatem', 516738187, NULL, '2019-10-31 01:53:12', '2014-06-15 13:33:26');
INSERT INTO media (id, media_type_id, user_id, body, filename, size, metadata, created_at, updated_at) VALUES ('178', '3', '10', 'Caterpillar. \'Well, perhaps your feelings may be different,\' said Alice; \'but a grin without a grin,\' thought Alice; \'I must be getting somewhere near the door, and the procession came opposite to.', 'et', 0, NULL, '2019-12-31 07:41:27', '2014-10-09 02:35:48');
INSERT INTO media (id, media_type_id, user_id, body, filename, size, metadata, created_at, updated_at) VALUES ('179', '4', '93', 'She was looking up into hers--she could hear him sighing as if it likes.\' \'I\'d rather finish my tea,\' said the Duchess: \'what a clear way you go,\' said the Duchess; \'I never saw one, or heard of.', 'sed', 5, NULL, '2020-02-24 19:55:18', '2011-01-06 03:16:23');
INSERT INTO media (id, media_type_id, user_id, body, filename, size, metadata, created_at, updated_at) VALUES ('180', '4', '88', 'But her sister sat still and said anxiously to herself, \'it would be worth the trouble of getting up and walking off to the other arm curled round her once more, while the Dodo had paused as if.', 'iure', 7, NULL, '2019-10-11 02:48:23', '2019-07-28 06:52:49');
INSERT INTO media (id, media_type_id, user_id, body, filename, size, metadata, created_at, updated_at) VALUES ('181', '3', '14', 'I didn\'t know it to his ear. Alice considered a little animal (she couldn\'t guess of what work it would all wash off in the last time she saw maps and pictures hung upon pegs. She took down a jar.', 'laborum', 79133410, NULL, '2019-07-24 03:22:49', '2012-02-09 18:43:11');
INSERT INTO media (id, media_type_id, user_id, body, filename, size, metadata, created_at, updated_at) VALUES ('182', '1', '84', 'Queen to-day?\' \'I should like it very nice, (it had, in fact, I didn\'t know that Cheshire cats always grinned; in fact, I didn\'t know that cats COULD grin.\' \'They all can,\' said the King: \'leave out.', 'maxime', 1645, NULL, '2020-03-19 18:12:19', '2016-12-22 23:21:02');
INSERT INTO media (id, media_type_id, user_id, body, filename, size, metadata, created_at, updated_at) VALUES ('183', '3', '87', 'I only wish they WOULD go with Edgar Atheling to meet William and offer him the crown. William\'s conduct at first was moderate. But the snail replied \"Too far, too far!\" and gave a little sharp bark.', 'nesciunt', 79489, NULL, '2020-02-14 13:57:35', '2014-12-30 05:35:44');
INSERT INTO media (id, media_type_id, user_id, body, filename, size, metadata, created_at, updated_at) VALUES ('184', '3', '72', 'The baby grunted again, and went by without noticing her. Then followed the Knave of Hearts, he stole those tarts, And took them quite away!\' \'Consider your verdict,\' he said in a deep voice, \'are.', 'aut', 0, NULL, '2019-09-14 03:18:52', '2015-09-01 18:32:31');
INSERT INTO media (id, media_type_id, user_id, body, filename, size, metadata, created_at, updated_at) VALUES ('185', '3', '73', 'CHAPTER III. A Caucus-Race and a great deal of thought, and looked at poor Alice, \'it would have this cat removed!\' The Queen turned angrily away from him, and said to herself; \'I should think you.', 'unde', 8, NULL, '2020-05-12 08:15:29', '2016-11-01 15:15:23');
INSERT INTO media (id, media_type_id, user_id, body, filename, size, metadata, created_at, updated_at) VALUES ('186', '3', '78', 'Caterpillar. \'Not QUITE right, I\'m afraid,\' said Alice, (she had grown in the beautiful garden, among the branches, and every now and then, and holding it to speak first, \'why your cat grins like.', 'molestiae', 6689, NULL, '2019-12-20 13:58:15', '2010-11-01 08:42:55');
INSERT INTO media (id, media_type_id, user_id, body, filename, size, metadata, created_at, updated_at) VALUES ('187', '3', '55', 'Gryphon only answered \'Come on!\' and ran till she fancied she heard the Rabbit asked. \'No, I give you fair warning,\' shouted the Gryphon, \'that they WOULD go with the other birds tittered audibly..', 'reprehenderit', 0, NULL, '2020-01-22 21:36:39', '2011-11-30 12:50:56');
INSERT INTO media (id, media_type_id, user_id, body, filename, size, metadata, created_at, updated_at) VALUES ('188', '2', '63', 'Alice, so please your Majesty,\' said Two, in a very long silence, broken only by an occasional exclamation of \'Hjckrrh!\' from the change: and Alice looked all round her once more, while the rest of.', 'similique', 7, NULL, '2020-03-10 07:45:18', '2010-08-27 07:19:01');
INSERT INTO media (id, media_type_id, user_id, body, filename, size, metadata, created_at, updated_at) VALUES ('189', '2', '67', 'Mabel! I\'ll try if I can creep under the table: she opened the door of the country is, you ARE a simpleton.\' Alice did not look at the jury-box, or they would call after her: the last concert!\' on.', 'praesentium', 2, NULL, '2019-06-14 17:12:32', '2013-05-31 18:56:13');
INSERT INTO media (id, media_type_id, user_id, body, filename, size, metadata, created_at, updated_at) VALUES ('190', '4', '81', 'She got up this morning, but I can\'t show it you myself,\' the Mock Turtle, who looked at Alice, as she was now more than Alice could hardly hear the very tones of her going, though she felt a little.', 'eveniet', 3272, NULL, '2019-10-21 12:38:47', '2012-02-11 21:46:42');
INSERT INTO media (id, media_type_id, user_id, body, filename, size, metadata, created_at, updated_at) VALUES ('191', '3', '44', 'Duchess, \'and that\'s why. Pig!\' She said this last remark that had made her feel very queer indeed:-- \'\'Tis the voice of thunder, and people began running about in the act of crawling away: besides.', 'beatae', 60959, NULL, '2019-07-19 00:28:36', '2014-05-15 08:20:03');
INSERT INTO media (id, media_type_id, user_id, body, filename, size, metadata, created_at, updated_at) VALUES ('192', '1', '88', 'Alice said; but was dreadfully puzzled by the pope, was soon submitted to by the hand, it hurried off, without waiting for turns, quarrelling all the players, except the King, \'that saves a world of.', 'molestiae', 0, NULL, '2019-06-21 18:11:45', '2014-08-01 13:10:25');
INSERT INTO media (id, media_type_id, user_id, body, filename, size, metadata, created_at, updated_at) VALUES ('193', '4', '27', 'Duchess by this time?\' she said to herself \'It\'s the oldest rule in the lock, and to stand on their slates, and she went on, \'you throw the--\' \'The lobsters!\' shouted the Queen, \'and he shall tell.', 'accusantium', 91, NULL, '2019-10-11 19:57:35', '2018-06-12 02:21:04');
INSERT INTO media (id, media_type_id, user_id, body, filename, size, metadata, created_at, updated_at) VALUES ('194', '1', '59', 'This seemed to be Involved in this affair, He trusts to you how it was empty: she did not quite sure whether it was talking in his confusion he bit a large piece out of a treacle-well--eh, stupid?\'.', 'necessitatibus', 96002362, NULL, '2019-10-31 00:56:45', '2017-01-11 02:08:09');
INSERT INTO media (id, media_type_id, user_id, body, filename, size, metadata, created_at, updated_at) VALUES ('195', '3', '80', 'This of course, I meant,\' the King sharply. \'Do you know the way of nursing it, (which was to find her way through the neighbouring pool--she could hear the rattle of the tail, and ending with the.', 'voluptatem', 287450, NULL, '2019-10-28 01:49:21', '2013-07-21 16:10:07');
INSERT INTO media (id, media_type_id, user_id, body, filename, size, metadata, created_at, updated_at) VALUES ('196', '3', '86', 'And yet I wish I hadn\'t gone down that rabbit-hole--and yet--and yet--it\'s rather curious, you know, with oh, such long curly brown hair! And it\'ll fetch things when you throw them, and it\'ll sit up.', 'fugiat', 0, NULL, '2019-05-31 10:19:47', '2014-10-10 00:10:58');
INSERT INTO media (id, media_type_id, user_id, body, filename, size, metadata, created_at, updated_at) VALUES ('197', '1', '20', 'King. Here one of them.\' In another minute the whole place around her became alive with the grin, which remained some time without hearing anything more: at last came a little bit, and said to the.', 'consequatur', 720145, NULL, '2020-02-23 06:02:17', '2014-08-08 02:22:30');
INSERT INTO media (id, media_type_id, user_id, body, filename, size, metadata, created_at, updated_at) VALUES ('198', '2', '52', 'Rabbit actually TOOK A WATCH OUT OF ITS WAISTCOAT-POCKET, and looked at Alice, as she picked up a little house in it a little anxiously. \'Yes,\' said Alice very humbly: \'you had got its head to keep.', 'similique', 1762, NULL, '2020-03-30 11:42:28', '2014-12-13 06:30:11');
INSERT INTO media (id, media_type_id, user_id, body, filename, size, metadata, created_at, updated_at) VALUES ('199', '1', '9', 'I\'ll set Dinah at you!\' There was certainly too much of a book,\' thought Alice \'without pictures or conversations in it, \'and what is the driest thing I ask! It\'s always six o\'clock now.\' A bright.', 'esse', 2689806, NULL, '2019-06-11 02:12:57', '2018-04-23 16:23:49');
INSERT INTO media (id, media_type_id, user_id, body, filename, size, metadata, created_at, updated_at) VALUES ('200', '3', '57', 'Oh, how I wish I could let you out, you know.\' \'I don\'t know where Dinn may be,\' said the March Hare said--\' \'I didn\'t!\' the March Hare went on. \'I do,\' Alice said to Alice; and Alice thought to.', 'reiciendis', 1862, NULL, '2020-01-13 03:40:48', '2012-11-09 15:19:18');

INSERT INTO profiles (user_id, gender, birthday, photo_id, created_at, hometown) VALUES ('1', 'M', '2018-02-01', '114', '2020-02-22 11:16:13', 'Vonshire');
INSERT INTO profiles (user_id, gender, birthday, photo_id, created_at, hometown) VALUES ('2', 'F', '1994-11-18', '123', '2019-11-26 04:09:17', 'Jakaylamouth');
INSERT INTO profiles (user_id, gender, birthday, photo_id, created_at, hometown) VALUES ('3', 'F', '1976-01-16', '44', '2019-10-20 18:25:00', 'Brooksport');
INSERT INTO profiles (user_id, gender, birthday, photo_id, created_at, hometown) VALUES ('4', 'F', '2002-08-22', '38', '2019-06-13 02:00:20', 'Hollybury');
INSERT INTO profiles (user_id, gender, birthday, photo_id, created_at, hometown) VALUES ('5', 'M', '2014-07-01', '105', '2020-03-10 18:18:16', 'West Rico');
INSERT INTO profiles (user_id, gender, birthday, photo_id, created_at, hometown) VALUES ('6', 'F', '2020-05-20', '132', '2020-03-08 07:34:18', 'New Anikaberg');
INSERT INTO profiles (user_id, gender, birthday, photo_id, created_at, hometown) VALUES ('7', 'F', '1977-05-03', '193', '2020-01-07 18:15:10', 'O\'Connellfort');
INSERT INTO profiles (user_id, gender, birthday, photo_id, created_at, hometown) VALUES ('8', 'M', '1976-03-30', '85', '2020-05-03 13:07:38', 'South Noemiport');
INSERT INTO profiles (user_id, gender, birthday, photo_id, created_at, hometown) VALUES ('9', 'M', '2011-06-19', '69', '2020-05-08 12:07:27', 'Krajcikborough');
INSERT INTO profiles (user_id, gender, birthday, photo_id, created_at, hometown) VALUES ('10', 'M', '2000-11-10', '135', '2019-06-30 19:08:53', 'New Alisastad');
INSERT INTO profiles (user_id, gender, birthday, photo_id, created_at, hometown) VALUES ('11', 'M', '1983-07-19', '55', '2019-09-09 00:26:52', 'North Lisetteville');
INSERT INTO profiles (user_id, gender, birthday, photo_id, created_at, hometown) VALUES ('12', 'M', '1997-09-03', '76', '2020-02-02 07:12:45', 'Madilynhaven');
INSERT INTO profiles (user_id, gender, birthday, photo_id, created_at, hometown) VALUES ('13', 'F', '2016-07-30', '4', '2020-02-03 05:52:27', 'East Dewayne');
INSERT INTO profiles (user_id, gender, birthday, photo_id, created_at, hometown) VALUES ('14', 'M', '1984-10-02', '123', '2019-07-13 19:44:15', 'Darbyville');
INSERT INTO profiles (user_id, gender, birthday, photo_id, created_at, hometown) VALUES ('15', 'M', '2019-06-09', '75', '2019-10-12 22:29:34', 'New Hillaryshire');
INSERT INTO profiles (user_id, gender, birthday, photo_id, created_at, hometown) VALUES ('16', 'F', '2017-09-20', '22', '2019-10-10 07:50:49', 'South Consuelochester');
INSERT INTO profiles (user_id, gender, birthday, photo_id, created_at, hometown) VALUES ('17', 'F', '2005-11-05', '145', '2019-10-03 01:41:01', 'Aufderharstad');
INSERT INTO profiles (user_id, gender, birthday, photo_id, created_at, hometown) VALUES ('18', 'M', '1997-07-02', '4', '2019-12-31 21:40:17', 'West Diamond');
INSERT INTO profiles (user_id, gender, birthday, photo_id, created_at, hometown) VALUES ('19', 'M', '2012-05-26', '1', '2019-07-12 22:40:17', 'Ricehaven');
INSERT INTO profiles (user_id, gender, birthday, photo_id, created_at, hometown) VALUES ('20', 'F', '1987-06-15', '76', '2020-03-18 15:10:16', 'Lake Earlene');
INSERT INTO profiles (user_id, gender, birthday, photo_id, created_at, hometown) VALUES ('21', 'F', '1975-11-27', '7', '2020-05-07 11:45:43', 'Zulaufside');
INSERT INTO profiles (user_id, gender, birthday, photo_id, created_at, hometown) VALUES ('22', 'M', '2019-12-02', '77', '2020-02-13 02:57:48', 'East Loy');
INSERT INTO profiles (user_id, gender, birthday, photo_id, created_at, hometown) VALUES ('23', 'M', '1974-11-01', '63', '2019-07-09 05:19:20', 'East Travisville');
INSERT INTO profiles (user_id, gender, birthday, photo_id, created_at, hometown) VALUES ('24', 'F', '2012-07-08', '185', '2019-06-07 23:15:22', 'Leuschkebury');
INSERT INTO profiles (user_id, gender, birthday, photo_id, created_at, hometown) VALUES ('25', 'M', '2003-10-10', '81', '2020-03-11 13:58:28', 'Fayview');
INSERT INTO profiles (user_id, gender, birthday, photo_id, created_at, hometown) VALUES ('26', 'M', '1987-10-01', '67', '2019-09-07 06:09:40', 'O\'Keefeburgh');
INSERT INTO profiles (user_id, gender, birthday, photo_id, created_at, hometown) VALUES ('27', 'F', '1981-04-02', '37', '2019-07-17 05:49:14', 'Wiegandhaven');
INSERT INTO profiles (user_id, gender, birthday, photo_id, created_at, hometown) VALUES ('28', 'M', '1979-02-04', '18', '2019-11-08 21:11:03', 'New Nataliashire');
INSERT INTO profiles (user_id, gender, birthday, photo_id, created_at, hometown) VALUES ('29', 'F', '1974-06-12', '55', '2020-04-19 16:58:42', 'Sipesstad');
INSERT INTO profiles (user_id, gender, birthday, photo_id, created_at, hometown) VALUES ('30', 'M', '1996-05-20', '187', '2019-10-23 21:31:35', 'North Jacinthe');
INSERT INTO profiles (user_id, gender, birthday, photo_id, created_at, hometown) VALUES ('31', 'F', '1975-08-05', '132', '2020-02-16 04:06:14', 'Dachland');
INSERT INTO profiles (user_id, gender, birthday, photo_id, created_at, hometown) VALUES ('32', 'F', '1993-01-03', '55', '2019-10-20 11:32:58', 'Bartborough');
INSERT INTO profiles (user_id, gender, birthday, photo_id, created_at, hometown) VALUES ('33', 'F', '2005-04-27', '79', '2020-03-08 11:52:36', 'Flatleychester');
INSERT INTO profiles (user_id, gender, birthday, photo_id, created_at, hometown) VALUES ('34', 'F', '2002-03-20', '134', '2020-02-06 10:59:25', 'Gleasonville');
INSERT INTO profiles (user_id, gender, birthday, photo_id, created_at, hometown) VALUES ('35', 'M', '1983-07-04', '162', '2020-02-04 04:24:03', 'North Dario');
INSERT INTO profiles (user_id, gender, birthday, photo_id, created_at, hometown) VALUES ('36', 'F', '1976-06-19', '167', '2019-08-18 00:28:46', 'Alexandrineberg');
INSERT INTO profiles (user_id, gender, birthday, photo_id, created_at, hometown) VALUES ('37', 'M', '1979-12-18', '156', '2019-06-30 07:21:38', 'Considinemouth');
INSERT INTO profiles (user_id, gender, birthday, photo_id, created_at, hometown) VALUES ('38', 'F', '2019-04-04', '74', '2020-05-19 08:59:34', 'South Antonioshire');
INSERT INTO profiles (user_id, gender, birthday, photo_id, created_at, hometown) VALUES ('39', 'F', '1985-02-21', '9', '2019-09-11 04:12:23', 'Rosalynshire');
INSERT INTO profiles (user_id, gender, birthday, photo_id, created_at, hometown) VALUES ('40', 'M', '1996-04-17', '42', '2020-02-13 06:52:23', 'North Jessikaside');
INSERT INTO profiles (user_id, gender, birthday, photo_id, created_at, hometown) VALUES ('41', 'M', '1973-04-24', '157', '2019-08-23 10:12:11', 'Port Adrien');
INSERT INTO profiles (user_id, gender, birthday, photo_id, created_at, hometown) VALUES ('42', 'F', '1993-11-18', '32', '2020-01-17 16:16:56', 'Starkland');
INSERT INTO profiles (user_id, gender, birthday, photo_id, created_at, hometown) VALUES ('43', 'M', '1978-03-03', '61', '2020-01-12 18:36:04', 'Mariellemouth');
INSERT INTO profiles (user_id, gender, birthday, photo_id, created_at, hometown) VALUES ('44', 'F', '1974-11-23', '26', '2020-01-12 23:15:49', 'Lake Annamarieville');
INSERT INTO profiles (user_id, gender, birthday, photo_id, created_at, hometown) VALUES ('45', 'F', '1999-01-01', '44', '2020-01-15 14:22:37', 'Gutkowskiland');
INSERT INTO profiles (user_id, gender, birthday, photo_id, created_at, hometown) VALUES ('46', 'F', '1990-04-23', '200', '2019-11-14 05:26:38', 'North Davonte');
INSERT INTO profiles (user_id, gender, birthday, photo_id, created_at, hometown) VALUES ('47', 'F', '1999-04-03', '106', '2019-12-30 21:02:06', 'South Vincentbury');
INSERT INTO profiles (user_id, gender, birthday, photo_id, created_at, hometown) VALUES ('48', 'M', '2003-11-20', '131', '2020-04-03 09:14:54', 'Denesikbury');
INSERT INTO profiles (user_id, gender, birthday, photo_id, created_at, hometown) VALUES ('49', 'F', '2002-04-29', '175', '2019-12-05 02:51:48', 'Tellyville');
INSERT INTO profiles (user_id, gender, birthday, photo_id, created_at, hometown) VALUES ('50', 'F', '1983-09-03', '140', '2019-08-24 04:33:15', 'Lake Anissaport');
INSERT INTO profiles (user_id, gender, birthday, photo_id, created_at, hometown) VALUES ('51', 'F', '1985-10-12', '6', '2020-01-04 23:24:41', 'South Minashire');
INSERT INTO profiles (user_id, gender, birthday, photo_id, created_at, hometown) VALUES ('52', 'F', '2001-02-28', '157', '2020-02-22 18:21:27', 'West Leonie');
INSERT INTO profiles (user_id, gender, birthday, photo_id, created_at, hometown) VALUES ('53', 'F', '1983-11-21', '12', '2019-06-24 03:02:01', 'East Stan');
INSERT INTO profiles (user_id, gender, birthday, photo_id, created_at, hometown) VALUES ('54', 'M', '2008-10-03', '15', '2019-11-22 23:38:12', 'West Leannfort');
INSERT INTO profiles (user_id, gender, birthday, photo_id, created_at, hometown) VALUES ('55', 'M', '2005-10-28', '95', '2020-02-20 09:23:15', 'North Beulahshire');
INSERT INTO profiles (user_id, gender, birthday, photo_id, created_at, hometown) VALUES ('56', 'F', '1970-11-06', '51', '2020-04-11 18:21:26', 'Zboncakborough');
INSERT INTO profiles (user_id, gender, birthday, photo_id, created_at, hometown) VALUES ('57', 'F', '1986-06-20', '185', '2019-08-03 06:42:09', 'South Celinechester');
INSERT INTO profiles (user_id, gender, birthday, photo_id, created_at, hometown) VALUES ('58', 'F', '1974-11-29', '27', '2020-05-20 16:08:26', 'Lonzochester');
INSERT INTO profiles (user_id, gender, birthday, photo_id, created_at, hometown) VALUES ('59', 'F', '1978-07-01', '5', '2019-10-16 10:22:20', 'Ayanabury');
INSERT INTO profiles (user_id, gender, birthday, photo_id, created_at, hometown) VALUES ('60', 'M', '2013-09-26', '122', '2019-09-10 18:26:57', 'Kochton');
INSERT INTO profiles (user_id, gender, birthday, photo_id, created_at, hometown) VALUES ('61', 'F', '2003-01-07', '38', '2019-08-06 19:34:21', 'East Greta');
INSERT INTO profiles (user_id, gender, birthday, photo_id, created_at, hometown) VALUES ('62', 'F', '1998-06-26', '106', '2019-06-30 15:38:48', 'VonRuedenchester');
INSERT INTO profiles (user_id, gender, birthday, photo_id, created_at, hometown) VALUES ('63', 'F', '1974-07-19', '65', '2019-11-08 00:17:15', 'West Nannie');
INSERT INTO profiles (user_id, gender, birthday, photo_id, created_at, hometown) VALUES ('64', 'M', '2014-06-04', '96', '2019-06-27 10:38:15', 'Lake Adolfo');
INSERT INTO profiles (user_id, gender, birthday, photo_id, created_at, hometown) VALUES ('65', 'M', '1972-11-14', '92', '2020-02-27 07:00:07', 'Boganstad');
INSERT INTO profiles (user_id, gender, birthday, photo_id, created_at, hometown) VALUES ('66', 'F', '1984-05-09', '22', '2019-10-05 03:41:00', 'Shieldston');
INSERT INTO profiles (user_id, gender, birthday, photo_id, created_at, hometown) VALUES ('67', 'M', '2008-12-06', '48', '2019-08-13 10:55:19', 'North Charleschester');
INSERT INTO profiles (user_id, gender, birthday, photo_id, created_at, hometown) VALUES ('68', 'M', '1979-05-04', '17', '2020-04-22 12:40:33', 'Lake Hudsonberg');
INSERT INTO profiles (user_id, gender, birthday, photo_id, created_at, hometown) VALUES ('69', 'F', '2010-06-29', '131', '2020-01-31 04:53:55', 'Myrtismouth');
INSERT INTO profiles (user_id, gender, birthday, photo_id, created_at, hometown) VALUES ('70', 'M', '1976-05-23', '191', '2020-01-08 23:03:12', 'Jonesfort');
INSERT INTO profiles (user_id, gender, birthday, photo_id, created_at, hometown) VALUES ('71', 'F', '2009-06-09', '18', '2019-09-01 02:51:33', 'Travonview');
INSERT INTO profiles (user_id, gender, birthday, photo_id, created_at, hometown) VALUES ('72', 'F', '1987-07-04', '193', '2019-11-11 20:43:31', 'Weissnatmouth');
INSERT INTO profiles (user_id, gender, birthday, photo_id, created_at, hometown) VALUES ('73', 'M', '2012-11-27', '161', '2019-07-13 02:06:18', 'Queenstad');
INSERT INTO profiles (user_id, gender, birthday, photo_id, created_at, hometown) VALUES ('74', 'M', '2014-11-24', '90', '2019-12-07 13:25:17', 'Shaniyashire');
INSERT INTO profiles (user_id, gender, birthday, photo_id, created_at, hometown) VALUES ('75', 'M', '1972-03-31', '91', '2019-07-27 05:01:03', 'Jazlynville');
INSERT INTO profiles (user_id, gender, birthday, photo_id, created_at, hometown) VALUES ('76', 'M', '2007-02-10', '114', '2020-03-01 10:31:13', 'West Larissa');
INSERT INTO profiles (user_id, gender, birthday, photo_id, created_at, hometown) VALUES ('77', 'F', '2004-11-11', '88', '2020-04-22 12:50:38', 'Caspermouth');
INSERT INTO profiles (user_id, gender, birthday, photo_id, created_at, hometown) VALUES ('78', 'M', '2014-09-11', '130', '2020-02-05 10:09:46', 'Thadburgh');
INSERT INTO profiles (user_id, gender, birthday, photo_id, created_at, hometown) VALUES ('79', 'M', '2005-10-29', '10', '2019-09-17 07:17:13', 'Ernserberg');
INSERT INTO profiles (user_id, gender, birthday, photo_id, created_at, hometown) VALUES ('80', 'M', '1986-02-11', '100', '2020-05-12 13:41:07', 'Lesterberg');
INSERT INTO profiles (user_id, gender, birthday, photo_id, created_at, hometown) VALUES ('81', 'F', '1994-03-03', '110', '2020-03-15 12:32:56', 'New Johnathanport');
INSERT INTO profiles (user_id, gender, birthday, photo_id, created_at, hometown) VALUES ('82', 'F', '1981-07-22', '187', '2019-10-28 08:11:42', 'Laviniaport');
INSERT INTO profiles (user_id, gender, birthday, photo_id, created_at, hometown) VALUES ('83', 'F', '1977-02-09', '53', '2019-12-09 15:10:07', 'East Katelynnfurt');
INSERT INTO profiles (user_id, gender, birthday, photo_id, created_at, hometown) VALUES ('84', 'F', '1978-08-20', '179', '2019-12-20 09:04:01', 'South Bridieborough');
INSERT INTO profiles (user_id, gender, birthday, photo_id, created_at, hometown) VALUES ('85', 'F', '2011-06-18', '69', '2019-11-18 21:24:02', 'Sengertown');
INSERT INTO profiles (user_id, gender, birthday, photo_id, created_at, hometown) VALUES ('86', 'F', '1972-06-01', '126', '2019-07-14 12:08:22', 'South Gino');
INSERT INTO profiles (user_id, gender, birthday, photo_id, created_at, hometown) VALUES ('87', 'F', '2004-12-07', '37', '2019-07-14 10:48:50', 'Ericaton');
INSERT INTO profiles (user_id, gender, birthday, photo_id, created_at, hometown) VALUES ('88', 'F', '1982-06-11', '28', '2020-02-21 15:51:50', 'Adamschester');
INSERT INTO profiles (user_id, gender, birthday, photo_id, created_at, hometown) VALUES ('89', 'M', '2015-03-01', '80', '2020-04-04 01:44:39', 'New Courtneyton');
INSERT INTO profiles (user_id, gender, birthday, photo_id, created_at, hometown) VALUES ('90', 'F', '2013-02-01', '155', '2020-05-04 02:39:32', 'Macejkovicport');
INSERT INTO profiles (user_id, gender, birthday, photo_id, created_at, hometown) VALUES ('91', 'F', '1982-06-09', '137', '2019-07-22 20:35:17', 'Lake Kaiashire');
INSERT INTO profiles (user_id, gender, birthday, photo_id, created_at, hometown) VALUES ('92', 'F', '1991-05-10', '182', '2019-11-28 11:01:16', 'Emilton');
INSERT INTO profiles (user_id, gender, birthday, photo_id, created_at, hometown) VALUES ('93', 'F', '1991-12-08', '198', '2019-10-18 16:44:23', 'East Ephraim');
INSERT INTO profiles (user_id, gender, birthday, photo_id, created_at, hometown) VALUES ('94', 'M', '2012-09-19', '200', '2019-12-05 23:23:27', 'Beckerborough');
INSERT INTO profiles (user_id, gender, birthday, photo_id, created_at, hometown) VALUES ('95', 'F', '1999-08-09', '87', '2019-10-31 18:29:42', 'Port Melynaborough');
INSERT INTO profiles (user_id, gender, birthday, photo_id, created_at, hometown) VALUES ('96', 'F', '1984-02-02', '21', '2020-02-20 15:53:33', 'Maggiohaven');
INSERT INTO profiles (user_id, gender, birthday, photo_id, created_at, hometown) VALUES ('97', 'F', '2005-08-14', '125', '2020-01-28 23:56:46', 'North Waylon');
INSERT INTO profiles (user_id, gender, birthday, photo_id, created_at, hometown) VALUES ('98', 'M', '1988-09-06', '16', '2019-06-22 16:59:08', 'Davinburgh');
INSERT INTO profiles (user_id, gender, birthday, photo_id, created_at, hometown) VALUES ('99', 'M', '2003-07-04', '147', '2020-04-23 00:47:14', 'Lake Kimberlychester');
INSERT INTO profiles (user_id, gender, birthday, photo_id, created_at, hometown) VALUES ('100', 'F', '2011-08-05', '112', '2019-10-23 16:51:19', 'North Brannonside');

INSERT INTO like_types (id, name, filename, size, created_at, updated_at) VALUES ('1', 'Like', 'like', 5696, '2019-10-23 14:49:28', '2020-03-21 02:47:24');
INSERT INTO like_types (id, name, filename, size, created_at, updated_at) VALUES ('2', 'Love', 'love', 0, '2020-01-28 09:10:18', '2020-05-10 08:27:28');
INSERT INTO like_types (id, name, filename, size, created_at, updated_at) VALUES ('3', 'Haha', 'haha', 35760, '2020-05-01 22:13:16', '2020-05-24 03:20:26');
INSERT INTO like_types (id, name, filename, size, created_at, updated_at) VALUES ('4', 'Wow', 'wow', 3370, '2019-07-14 20:23:45', '2019-08-27 02:08:20');
INSERT INTO like_types (id, name, filename, size, created_at, updated_at) VALUES ('5', 'Sad', 'sad', 520, '2020-05-22 20:39:54', '2019-10-03 16:09:13');
INSERT INTO like_types (id, name, filename, size, created_at, updated_at) VALUES ('6', 'Angry', 'angry', 75861110, '2019-09-14 17:28:40', '2019-12-26 11:46:26');

INSERT INTO likes (id, user_id, media_id, like_type_id, created_at) VALUES ('1', '65', '131', '3', '2019-06-15 13:11:43');
INSERT INTO likes (id, user_id, media_id, like_type_id, created_at) VALUES ('2', '19', '127', '1', '2019-10-24 10:57:31');
INSERT INTO likes (id, user_id, media_id, like_type_id, created_at) VALUES ('3', '60', '188', '3', '2019-12-06 17:32:48');
INSERT INTO likes (id, user_id, media_id, like_type_id, created_at) VALUES ('4', '18', '111', '2', '2019-10-31 06:17:59');
INSERT INTO likes (id, user_id, media_id, like_type_id, created_at) VALUES ('5', '89', '58', '6', '2019-08-29 17:22:11');
INSERT INTO likes (id, user_id, media_id, like_type_id, created_at) VALUES ('6', '22', '11', '6', '2020-03-08 18:02:58');
INSERT INTO likes (id, user_id, media_id, like_type_id, created_at) VALUES ('7', '39', '160', '4', '2019-08-21 18:51:40');
INSERT INTO likes (id, user_id, media_id, like_type_id, created_at) VALUES ('8', '78', '27', '4', '2020-04-20 19:24:46');
INSERT INTO likes (id, user_id, media_id, like_type_id, created_at) VALUES ('9', '93', '12', '2', '2020-05-26 12:28:07');
INSERT INTO likes (id, user_id, media_id, like_type_id, created_at) VALUES ('10', '34', '91', '6', '2019-09-20 01:04:27');
INSERT INTO likes (id, user_id, media_id, like_type_id, created_at) VALUES ('11', '99', '162', '5', '2020-04-23 06:39:02');
INSERT INTO likes (id, user_id, media_id, like_type_id, created_at) VALUES ('12', '59', '102', '2', '2019-12-12 05:06:06');
INSERT INTO likes (id, user_id, media_id, like_type_id, created_at) VALUES ('13', '3', '74', '1', '2019-06-11 06:15:04');
INSERT INTO likes (id, user_id, media_id, like_type_id, created_at) VALUES ('14', '96', '93', '5', '2020-01-31 02:09:57');
INSERT INTO likes (id, user_id, media_id, like_type_id, created_at) VALUES ('15', '49', '93', '3', '2019-08-20 07:13:15');
INSERT INTO likes (id, user_id, media_id, like_type_id, created_at) VALUES ('16', '59', '75', '4', '2020-03-13 20:23:19');
INSERT INTO likes (id, user_id, media_id, like_type_id, created_at) VALUES ('17', '84', '54', '5', '2020-05-20 15:49:54');
INSERT INTO likes (id, user_id, media_id, like_type_id, created_at) VALUES ('18', '65', '93', '6', '2019-09-29 09:15:23');
INSERT INTO likes (id, user_id, media_id, like_type_id, created_at) VALUES ('19', '84', '173', '5', '2020-02-11 09:27:55');
INSERT INTO likes (id, user_id, media_id, like_type_id, created_at) VALUES ('20', '13', '159', '6', '2019-07-22 22:51:39');
INSERT INTO likes (id, user_id, media_id, like_type_id, created_at) VALUES ('21', '73', '106', '3', '2019-07-04 13:06:53');
INSERT INTO likes (id, user_id, media_id, like_type_id, created_at) VALUES ('22', '19', '38', '2', '2019-07-04 05:10:38');
INSERT INTO likes (id, user_id, media_id, like_type_id, created_at) VALUES ('23', '41', '115', '1', '2019-12-04 18:53:11');
INSERT INTO likes (id, user_id, media_id, like_type_id, created_at) VALUES ('24', '73', '16', '3', '2020-03-10 11:49:38');
INSERT INTO likes (id, user_id, media_id, like_type_id, created_at) VALUES ('25', '2', '93', '1', '2020-01-14 09:27:03');
INSERT INTO likes (id, user_id, media_id, like_type_id, created_at) VALUES ('26', '35', '135', '3', '2019-06-14 17:47:35');
INSERT INTO likes (id, user_id, media_id, like_type_id, created_at) VALUES ('27', '2', '21', '6', '2020-01-26 23:11:33');
INSERT INTO likes (id, user_id, media_id, like_type_id, created_at) VALUES ('28', '28', '5', '3', '2020-01-01 06:20:30');
INSERT INTO likes (id, user_id, media_id, like_type_id, created_at) VALUES ('29', '52', '103', '5', '2019-11-03 21:37:08');
INSERT INTO likes (id, user_id, media_id, like_type_id, created_at) VALUES ('30', '82', '115', '5', '2020-04-13 05:59:08');
INSERT INTO likes (id, user_id, media_id, like_type_id, created_at) VALUES ('31', '13', '56', '5', '2020-04-21 12:42:51');
INSERT INTO likes (id, user_id, media_id, like_type_id, created_at) VALUES ('32', '25', '51', '5', '2019-07-08 20:44:12');
INSERT INTO likes (id, user_id, media_id, like_type_id, created_at) VALUES ('33', '76', '26', '6', '2019-10-23 10:57:56');
INSERT INTO likes (id, user_id, media_id, like_type_id, created_at) VALUES ('34', '52', '197', '5', '2019-12-21 06:38:48');
INSERT INTO likes (id, user_id, media_id, like_type_id, created_at) VALUES ('35', '39', '37', '4', '2019-06-20 04:13:17');
INSERT INTO likes (id, user_id, media_id, like_type_id, created_at) VALUES ('36', '50', '67', '4', '2020-03-07 07:59:02');
INSERT INTO likes (id, user_id, media_id, like_type_id, created_at) VALUES ('37', '60', '61', '1', '2019-09-29 03:56:57');
INSERT INTO likes (id, user_id, media_id, like_type_id, created_at) VALUES ('38', '13', '160', '4', '2019-09-11 07:17:43');
INSERT INTO likes (id, user_id, media_id, like_type_id, created_at) VALUES ('39', '99', '84', '3', '2019-09-30 03:09:36');
INSERT INTO likes (id, user_id, media_id, like_type_id, created_at) VALUES ('40', '62', '159', '2', '2020-05-02 04:20:22');
INSERT INTO likes (id, user_id, media_id, like_type_id, created_at) VALUES ('41', '42', '130', '5', '2019-10-16 14:30:05');
INSERT INTO likes (id, user_id, media_id, like_type_id, created_at) VALUES ('42', '39', '160', '1', '2019-08-04 16:07:45');
INSERT INTO likes (id, user_id, media_id, like_type_id, created_at) VALUES ('43', '42', '171', '4', '2019-11-18 15:31:03');
INSERT INTO likes (id, user_id, media_id, like_type_id, created_at) VALUES ('44', '96', '147', '5', '2019-10-27 16:21:53');
INSERT INTO likes (id, user_id, media_id, like_type_id, created_at) VALUES ('45', '2', '200', '4', '2020-02-13 22:29:50');
INSERT INTO likes (id, user_id, media_id, like_type_id, created_at) VALUES ('46', '17', '160', '1', '2019-05-28 22:23:22');
INSERT INTO likes (id, user_id, media_id, like_type_id, created_at) VALUES ('47', '67', '198', '3', '2019-10-07 11:06:09');
INSERT INTO likes (id, user_id, media_id, like_type_id, created_at) VALUES ('48', '87', '1', '6', '2020-05-24 01:29:42');
INSERT INTO likes (id, user_id, media_id, like_type_id, created_at) VALUES ('49', '25', '84', '2', '2019-12-24 09:45:28');
INSERT INTO likes (id, user_id, media_id, like_type_id, created_at) VALUES ('50', '59', '91', '2', '2019-08-10 03:17:59');
INSERT INTO likes (id, user_id, media_id, like_type_id, created_at) VALUES ('51', '55', '5', '1', '2019-10-28 07:22:56');
INSERT INTO likes (id, user_id, media_id, like_type_id, created_at) VALUES ('52', '61', '6', '6', '2020-05-26 15:11:39');
INSERT INTO likes (id, user_id, media_id, like_type_id, created_at) VALUES ('53', '88', '4', '6', '2020-05-13 23:18:43');
INSERT INTO likes (id, user_id, media_id, like_type_id, created_at) VALUES ('54', '80', '157', '1', '2019-10-17 02:07:19');
INSERT INTO likes (id, user_id, media_id, like_type_id, created_at) VALUES ('55', '25', '186', '6', '2019-07-08 05:29:15');
INSERT INTO likes (id, user_id, media_id, like_type_id, created_at) VALUES ('56', '69', '126', '6', '2020-04-28 04:41:17');
INSERT INTO likes (id, user_id, media_id, like_type_id, created_at) VALUES ('57', '39', '126', '5', '2020-03-29 01:49:50');
INSERT INTO likes (id, user_id, media_id, like_type_id, created_at) VALUES ('58', '73', '122', '1', '2020-01-17 17:21:16');
INSERT INTO likes (id, user_id, media_id, like_type_id, created_at) VALUES ('59', '93', '72', '4', '2019-07-04 01:49:41');
INSERT INTO likes (id, user_id, media_id, like_type_id, created_at) VALUES ('60', '21', '200', '4', '2019-07-02 14:23:15');
INSERT INTO likes (id, user_id, media_id, like_type_id, created_at) VALUES ('61', '67', '129', '6', '2019-08-18 18:51:03');
INSERT INTO likes (id, user_id, media_id, like_type_id, created_at) VALUES ('62', '95', '161', '2', '2020-04-25 19:07:00');
INSERT INTO likes (id, user_id, media_id, like_type_id, created_at) VALUES ('63', '92', '46', '3', '2020-01-03 19:11:35');
INSERT INTO likes (id, user_id, media_id, like_type_id, created_at) VALUES ('64', '73', '198', '5', '2020-03-16 02:18:03');
INSERT INTO likes (id, user_id, media_id, like_type_id, created_at) VALUES ('65', '39', '157', '1', '2020-04-14 20:48:00');
INSERT INTO likes (id, user_id, media_id, like_type_id, created_at) VALUES ('66', '63', '85', '5', '2019-08-30 04:45:02');
INSERT INTO likes (id, user_id, media_id, like_type_id, created_at) VALUES ('67', '86', '29', '5', '2019-09-24 08:10:09');
INSERT INTO likes (id, user_id, media_id, like_type_id, created_at) VALUES ('68', '1', '163', '6', '2020-02-07 13:18:46');
INSERT INTO likes (id, user_id, media_id, like_type_id, created_at) VALUES ('69', '48', '111', '2', '2019-11-27 03:25:43');
INSERT INTO likes (id, user_id, media_id, like_type_id, created_at) VALUES ('70', '52', '144', '6', '2019-08-31 05:22:19');
INSERT INTO likes (id, user_id, media_id, like_type_id, created_at) VALUES ('71', '46', '172', '3', '2020-05-21 16:33:36');
INSERT INTO likes (id, user_id, media_id, like_type_id, created_at) VALUES ('72', '73', '145', '3', '2019-12-31 14:07:19');
INSERT INTO likes (id, user_id, media_id, like_type_id, created_at) VALUES ('73', '70', '49', '3', '2020-03-10 23:13:36');
INSERT INTO likes (id, user_id, media_id, like_type_id, created_at) VALUES ('74', '12', '72', '3', '2020-04-30 05:07:54');
INSERT INTO likes (id, user_id, media_id, like_type_id, created_at) VALUES ('75', '97', '46', '2', '2019-06-22 00:02:09');
INSERT INTO likes (id, user_id, media_id, like_type_id, created_at) VALUES ('76', '10', '138', '2', '2019-09-15 15:06:19');
INSERT INTO likes (id, user_id, media_id, like_type_id, created_at) VALUES ('77', '58', '32', '2', '2019-10-11 01:20:20');
INSERT INTO likes (id, user_id, media_id, like_type_id, created_at) VALUES ('78', '1', '5', '3', '2020-03-15 19:13:01');
INSERT INTO likes (id, user_id, media_id, like_type_id, created_at) VALUES ('79', '80', '41', '5', '2019-07-12 01:11:54');
INSERT INTO likes (id, user_id, media_id, like_type_id, created_at) VALUES ('80', '44', '134', '4', '2020-02-13 08:45:53');
INSERT INTO likes (id, user_id, media_id, like_type_id, created_at) VALUES ('81', '95', '31', '6', '2020-03-04 16:38:11');
INSERT INTO likes (id, user_id, media_id, like_type_id, created_at) VALUES ('82', '65', '167', '2', '2019-09-13 16:08:46');
INSERT INTO likes (id, user_id, media_id, like_type_id, created_at) VALUES ('83', '84', '92', '2', '2020-03-18 21:42:49');
INSERT INTO likes (id, user_id, media_id, like_type_id, created_at) VALUES ('84', '89', '49', '4', '2020-05-14 00:37:30');
INSERT INTO likes (id, user_id, media_id, like_type_id, created_at) VALUES ('85', '87', '184', '3', '2020-05-01 19:59:44');
INSERT INTO likes (id, user_id, media_id, like_type_id, created_at) VALUES ('86', '51', '73', '3', '2019-06-23 14:31:23');
INSERT INTO likes (id, user_id, media_id, like_type_id, created_at) VALUES ('87', '22', '86', '3', '2019-10-22 20:03:54');
INSERT INTO likes (id, user_id, media_id, like_type_id, created_at) VALUES ('88', '8', '15', '4', '2020-04-26 06:17:06');
INSERT INTO likes (id, user_id, media_id, like_type_id, created_at) VALUES ('89', '70', '142', '4', '2019-09-10 05:17:13');
INSERT INTO likes (id, user_id, media_id, like_type_id, created_at) VALUES ('90', '16', '124', '6', '2019-11-24 09:29:35');
INSERT INTO likes (id, user_id, media_id, like_type_id, created_at) VALUES ('91', '52', '6', '3', '2019-08-16 10:43:33');
INSERT INTO likes (id, user_id, media_id, like_type_id, created_at) VALUES ('92', '68', '180', '4', '2019-05-29 14:31:05');
INSERT INTO likes (id, user_id, media_id, like_type_id, created_at) VALUES ('93', '20', '89', '2', '2019-12-19 11:52:00');
INSERT INTO likes (id, user_id, media_id, like_type_id, created_at) VALUES ('94', '81', '46', '3', '2020-04-15 17:46:09');
INSERT INTO likes (id, user_id, media_id, like_type_id, created_at) VALUES ('95', '12', '107', '1', '2019-12-11 09:24:47');
INSERT INTO likes (id, user_id, media_id, like_type_id, created_at) VALUES ('96', '9', '10', '5', '2019-07-27 08:48:37');
INSERT INTO likes (id, user_id, media_id, like_type_id, created_at) VALUES ('97', '41', '45', '5', '2019-08-04 02:19:35');
INSERT INTO likes (id, user_id, media_id, like_type_id, created_at) VALUES ('98', '88', '198', '3', '2020-03-27 10:33:16');
INSERT INTO likes (id, user_id, media_id, like_type_id, created_at) VALUES ('99', '12', '181', '4', '2019-07-09 14:53:34');
INSERT INTO likes (id, user_id, media_id, like_type_id, created_at) VALUES ('100', '86', '105', '3', '2019-06-12 07:20:51');
INSERT INTO likes (id, user_id, media_id, like_type_id, created_at) VALUES ('101', '7', '70', '5', '2020-02-18 14:25:50');
INSERT INTO likes (id, user_id, media_id, like_type_id, created_at) VALUES ('102', '39', '145', '5', '2019-07-04 10:38:14');
INSERT INTO likes (id, user_id, media_id, like_type_id, created_at) VALUES ('103', '72', '1', '2', '2020-04-21 08:15:28');
INSERT INTO likes (id, user_id, media_id, like_type_id, created_at) VALUES ('104', '62', '1', '2', '2019-07-17 02:55:18');
INSERT INTO likes (id, user_id, media_id, like_type_id, created_at) VALUES ('105', '64', '21', '4', '2020-01-08 09:44:50');
INSERT INTO likes (id, user_id, media_id, like_type_id, created_at) VALUES ('106', '12', '139', '2', '2019-07-11 13:24:04');
INSERT INTO likes (id, user_id, media_id, like_type_id, created_at) VALUES ('107', '27', '59', '1', '2019-10-08 12:22:23');
INSERT INTO likes (id, user_id, media_id, like_type_id, created_at) VALUES ('108', '78', '67', '5', '2019-12-05 21:35:57');
INSERT INTO likes (id, user_id, media_id, like_type_id, created_at) VALUES ('109', '40', '143', '3', '2020-01-01 20:25:33');
INSERT INTO likes (id, user_id, media_id, like_type_id, created_at) VALUES ('110', '80', '65', '6', '2019-08-31 08:05:29');
INSERT INTO likes (id, user_id, media_id, like_type_id, created_at) VALUES ('111', '16', '22', '1', '2019-11-13 09:10:49');
INSERT INTO likes (id, user_id, media_id, like_type_id, created_at) VALUES ('112', '38', '188', '2', '2020-02-01 09:25:18');
INSERT INTO likes (id, user_id, media_id, like_type_id, created_at) VALUES ('113', '96', '127', '6', '2019-08-20 06:08:39');
INSERT INTO likes (id, user_id, media_id, like_type_id, created_at) VALUES ('114', '41', '85', '4', '2019-09-11 13:23:14');
INSERT INTO likes (id, user_id, media_id, like_type_id, created_at) VALUES ('115', '8', '75', '1', '2019-12-04 02:58:12');
INSERT INTO likes (id, user_id, media_id, like_type_id, created_at) VALUES ('116', '56', '88', '3', '2020-03-09 09:35:22');
INSERT INTO likes (id, user_id, media_id, like_type_id, created_at) VALUES ('117', '18', '86', '3', '2020-02-18 17:35:26');
INSERT INTO likes (id, user_id, media_id, like_type_id, created_at) VALUES ('118', '81', '194', '6', '2019-06-28 07:21:46');
INSERT INTO likes (id, user_id, media_id, like_type_id, created_at) VALUES ('119', '7', '178', '5', '2019-07-20 09:07:52');
INSERT INTO likes (id, user_id, media_id, like_type_id, created_at) VALUES ('120', '46', '61', '6', '2019-06-04 17:48:20');
INSERT INTO likes (id, user_id, media_id, like_type_id, created_at) VALUES ('121', '6', '56', '5', '2020-01-30 22:59:15');
INSERT INTO likes (id, user_id, media_id, like_type_id, created_at) VALUES ('122', '12', '141', '2', '2020-03-25 14:38:06');
INSERT INTO likes (id, user_id, media_id, like_type_id, created_at) VALUES ('123', '74', '174', '3', '2019-06-24 03:37:53');
INSERT INTO likes (id, user_id, media_id, like_type_id, created_at) VALUES ('124', '7', '81', '2', '2019-11-21 17:49:16');
INSERT INTO likes (id, user_id, media_id, like_type_id, created_at) VALUES ('125', '45', '84', '4', '2019-11-06 09:12:53');
INSERT INTO likes (id, user_id, media_id, like_type_id, created_at) VALUES ('126', '71', '112', '4', '2019-12-03 03:13:17');
INSERT INTO likes (id, user_id, media_id, like_type_id, created_at) VALUES ('127', '53', '181', '3', '2020-03-14 20:49:40');
INSERT INTO likes (id, user_id, media_id, like_type_id, created_at) VALUES ('128', '69', '93', '1', '2020-03-30 19:13:14');
INSERT INTO likes (id, user_id, media_id, like_type_id, created_at) VALUES ('129', '19', '54', '6', '2019-11-05 14:46:37');
INSERT INTO likes (id, user_id, media_id, like_type_id, created_at) VALUES ('130', '33', '147', '6', '2019-06-29 17:41:32');
INSERT INTO likes (id, user_id, media_id, like_type_id, created_at) VALUES ('131', '41', '75', '2', '2020-03-24 15:18:14');
INSERT INTO likes (id, user_id, media_id, like_type_id, created_at) VALUES ('132', '96', '83', '6', '2019-12-15 20:11:05');
INSERT INTO likes (id, user_id, media_id, like_type_id, created_at) VALUES ('133', '1', '12', '2', '2020-05-06 18:26:05');
INSERT INTO likes (id, user_id, media_id, like_type_id, created_at) VALUES ('134', '32', '38', '6', '2019-07-22 21:33:40');
INSERT INTO likes (id, user_id, media_id, like_type_id, created_at) VALUES ('135', '33', '196', '6', '2019-08-13 17:21:39');
INSERT INTO likes (id, user_id, media_id, like_type_id, created_at) VALUES ('136', '69', '24', '4', '2020-04-24 11:02:52');
INSERT INTO likes (id, user_id, media_id, like_type_id, created_at) VALUES ('137', '61', '200', '3', '2019-06-10 13:51:51');
INSERT INTO likes (id, user_id, media_id, like_type_id, created_at) VALUES ('138', '17', '7', '6', '2020-01-18 02:29:26');
INSERT INTO likes (id, user_id, media_id, like_type_id, created_at) VALUES ('139', '5', '153', '3', '2019-10-05 14:12:06');
INSERT INTO likes (id, user_id, media_id, like_type_id, created_at) VALUES ('140', '75', '86', '3', '2019-07-24 10:42:41');
INSERT INTO likes (id, user_id, media_id, like_type_id, created_at) VALUES ('141', '89', '176', '2', '2020-05-15 02:20:53');
INSERT INTO likes (id, user_id, media_id, like_type_id, created_at) VALUES ('142', '52', '77', '2', '2019-09-28 01:36:37');
INSERT INTO likes (id, user_id, media_id, like_type_id, created_at) VALUES ('143', '45', '135', '2', '2019-10-21 03:38:06');
INSERT INTO likes (id, user_id, media_id, like_type_id, created_at) VALUES ('144', '88', '190', '5', '2019-06-06 06:16:39');
INSERT INTO likes (id, user_id, media_id, like_type_id, created_at) VALUES ('145', '6', '16', '6', '2019-09-28 22:06:30');
INSERT INTO likes (id, user_id, media_id, like_type_id, created_at) VALUES ('146', '5', '157', '2', '2020-04-24 18:24:29');
INSERT INTO likes (id, user_id, media_id, like_type_id, created_at) VALUES ('147', '17', '33', '6', '2020-03-23 04:56:23');
INSERT INTO likes (id, user_id, media_id, like_type_id, created_at) VALUES ('148', '21', '200', '2', '2019-08-03 08:01:03');
INSERT INTO likes (id, user_id, media_id, like_type_id, created_at) VALUES ('149', '26', '20', '4', '2019-09-05 09:48:43');
INSERT INTO likes (id, user_id, media_id, like_type_id, created_at) VALUES ('150', '87', '102', '1', '2019-06-24 23:46:53');
INSERT INTO likes (id, user_id, media_id, like_type_id, created_at) VALUES ('151', '18', '50', '4', '2019-06-01 06:49:39');
INSERT INTO likes (id, user_id, media_id, like_type_id, created_at) VALUES ('152', '82', '66', '6', '2020-02-18 14:52:23');
INSERT INTO likes (id, user_id, media_id, like_type_id, created_at) VALUES ('153', '91', '141', '2', '2020-03-09 22:33:22');
INSERT INTO likes (id, user_id, media_id, like_type_id, created_at) VALUES ('154', '53', '141', '5', '2019-10-08 06:05:47');
INSERT INTO likes (id, user_id, media_id, like_type_id, created_at) VALUES ('155', '29', '126', '3', '2019-08-14 19:33:47');
INSERT INTO likes (id, user_id, media_id, like_type_id, created_at) VALUES ('156', '64', '125', '5', '2019-12-28 01:18:35');
INSERT INTO likes (id, user_id, media_id, like_type_id, created_at) VALUES ('157', '96', '109', '1', '2019-10-10 08:48:43');
INSERT INTO likes (id, user_id, media_id, like_type_id, created_at) VALUES ('158', '64', '82', '6', '2020-01-28 20:06:09');
INSERT INTO likes (id, user_id, media_id, like_type_id, created_at) VALUES ('159', '91', '124', '6', '2019-08-25 12:07:07');
INSERT INTO likes (id, user_id, media_id, like_type_id, created_at) VALUES ('160', '22', '45', '4', '2020-02-25 21:08:52');
INSERT INTO likes (id, user_id, media_id, like_type_id, created_at) VALUES ('161', '1', '56', '3', '2020-04-24 09:57:44');
INSERT INTO likes (id, user_id, media_id, like_type_id, created_at) VALUES ('162', '34', '70', '4', '2019-06-16 16:23:24');
INSERT INTO likes (id, user_id, media_id, like_type_id, created_at) VALUES ('163', '39', '6', '6', '2019-09-13 18:28:49');
INSERT INTO likes (id, user_id, media_id, like_type_id, created_at) VALUES ('164', '5', '37', '3', '2019-06-18 17:11:49');
INSERT INTO likes (id, user_id, media_id, like_type_id, created_at) VALUES ('165', '88', '88', '3', '2020-03-15 00:40:07');
INSERT INTO likes (id, user_id, media_id, like_type_id, created_at) VALUES ('166', '64', '106', '5', '2019-09-11 21:51:41');
INSERT INTO likes (id, user_id, media_id, like_type_id, created_at) VALUES ('167', '99', '74', '6', '2020-05-03 22:16:47');
INSERT INTO likes (id, user_id, media_id, like_type_id, created_at) VALUES ('168', '71', '10', '4', '2019-11-29 15:15:08');
INSERT INTO likes (id, user_id, media_id, like_type_id, created_at) VALUES ('169', '3', '32', '6', '2020-03-08 16:53:31');
INSERT INTO likes (id, user_id, media_id, like_type_id, created_at) VALUES ('170', '43', '188', '1', '2020-03-27 20:19:33');
INSERT INTO likes (id, user_id, media_id, like_type_id, created_at) VALUES ('171', '3', '185', '1', '2019-07-27 00:15:07');
INSERT INTO likes (id, user_id, media_id, like_type_id, created_at) VALUES ('172', '69', '35', '1', '2020-01-10 06:40:38');
INSERT INTO likes (id, user_id, media_id, like_type_id, created_at) VALUES ('173', '25', '130', '1', '2020-03-22 06:11:03');
INSERT INTO likes (id, user_id, media_id, like_type_id, created_at) VALUES ('174', '40', '95', '2', '2019-08-01 19:30:28');
INSERT INTO likes (id, user_id, media_id, like_type_id, created_at) VALUES ('175', '48', '7', '4', '2020-02-04 21:12:22');
INSERT INTO likes (id, user_id, media_id, like_type_id, created_at) VALUES ('176', '5', '143', '6', '2020-02-02 19:32:53');
INSERT INTO likes (id, user_id, media_id, like_type_id, created_at) VALUES ('177', '43', '73', '4', '2019-10-02 07:03:45');
INSERT INTO likes (id, user_id, media_id, like_type_id, created_at) VALUES ('178', '35', '105', '2', '2019-11-16 12:10:57');
INSERT INTO likes (id, user_id, media_id, like_type_id, created_at) VALUES ('179', '16', '36', '6', '2019-10-13 00:50:57');
INSERT INTO likes (id, user_id, media_id, like_type_id, created_at) VALUES ('180', '71', '16', '6', '2020-03-04 07:11:35');
INSERT INTO likes (id, user_id, media_id, like_type_id, created_at) VALUES ('181', '72', '99', '5', '2019-10-07 11:11:31');
INSERT INTO likes (id, user_id, media_id, like_type_id, created_at) VALUES ('182', '57', '140', '6', '2020-02-06 14:29:07');
INSERT INTO likes (id, user_id, media_id, like_type_id, created_at) VALUES ('183', '56', '7', '5', '2019-09-25 10:21:48');
INSERT INTO likes (id, user_id, media_id, like_type_id, created_at) VALUES ('184', '68', '56', '1', '2019-06-20 05:48:51');
INSERT INTO likes (id, user_id, media_id, like_type_id, created_at) VALUES ('185', '9', '184', '5', '2019-06-21 05:00:37');
INSERT INTO likes (id, user_id, media_id, like_type_id, created_at) VALUES ('186', '56', '39', '5', '2020-01-06 01:46:33');
INSERT INTO likes (id, user_id, media_id, like_type_id, created_at) VALUES ('187', '38', '48', '3', '2019-06-24 16:38:28');
INSERT INTO likes (id, user_id, media_id, like_type_id, created_at) VALUES ('188', '75', '166', '1', '2019-11-29 20:36:02');
INSERT INTO likes (id, user_id, media_id, like_type_id, created_at) VALUES ('189', '96', '113', '4', '2020-03-15 15:40:54');
INSERT INTO likes (id, user_id, media_id, like_type_id, created_at) VALUES ('190', '2', '128', '6', '2020-05-22 05:38:41');
INSERT INTO likes (id, user_id, media_id, like_type_id, created_at) VALUES ('191', '32', '137', '3', '2019-06-30 15:48:18');
INSERT INTO likes (id, user_id, media_id, like_type_id, created_at) VALUES ('192', '72', '170', '3', '2020-04-04 14:24:14');
INSERT INTO likes (id, user_id, media_id, like_type_id, created_at) VALUES ('193', '55', '65', '6', '2020-05-03 07:36:26');
INSERT INTO likes (id, user_id, media_id, like_type_id, created_at) VALUES ('194', '12', '159', '2', '2019-11-16 15:24:07');
INSERT INTO likes (id, user_id, media_id, like_type_id, created_at) VALUES ('195', '5', '5', '6', '2020-03-10 05:01:26');
INSERT INTO likes (id, user_id, media_id, like_type_id, created_at) VALUES ('196', '77', '24', '6', '2019-07-17 00:37:55');
INSERT INTO likes (id, user_id, media_id, like_type_id, created_at) VALUES ('197', '14', '155', '4', '2020-02-16 22:48:24');
INSERT INTO likes (id, user_id, media_id, like_type_id, created_at) VALUES ('198', '92', '177', '4', '2019-06-30 03:43:40');
INSERT INTO likes (id, user_id, media_id, like_type_id, created_at) VALUES ('199', '41', '75', '6', '2020-05-12 17:22:28');
INSERT INTO likes (id, user_id, media_id, like_type_id, created_at) VALUES ('200', '7', '38', '6', '2020-04-27 11:10:28');

INSERT INTO user_likes (from_user_id, to_user_id, created_at) VALUES ('68', '37', '2019-10-20 23:10:51');
INSERT INTO user_likes (from_user_id, to_user_id, created_at) VALUES ('26', '32', '2020-03-24 23:30:17');
INSERT INTO user_likes (from_user_id, to_user_id, created_at) VALUES ('81', '64', '2020-02-26 09:04:26');
INSERT INTO user_likes (from_user_id, to_user_id, created_at) VALUES ('65', '28', '2019-08-10 08:09:34');
INSERT INTO user_likes (from_user_id, to_user_id, created_at) VALUES ('32', '58', '2019-08-19 13:04:38');
INSERT INTO user_likes (from_user_id, to_user_id, created_at) VALUES ('21', '2', '2019-08-23 23:49:26');
INSERT INTO user_likes (from_user_id, to_user_id, created_at) VALUES ('10', '67', '2019-06-02 15:38:45');
INSERT INTO user_likes (from_user_id, to_user_id, created_at) VALUES ('52', '71', '2019-09-18 22:46:27');
INSERT INTO user_likes (from_user_id, to_user_id, created_at) VALUES ('49', '14', '2019-10-22 19:04:17');
INSERT INTO user_likes (from_user_id, to_user_id, created_at) VALUES ('41', '47', '2019-12-02 06:54:44');
INSERT INTO user_likes (from_user_id, to_user_id, created_at) VALUES ('30', '46', '2019-10-26 00:32:41');
INSERT INTO user_likes (from_user_id, to_user_id, created_at) VALUES ('3', '41', '2019-09-10 22:52:21');
INSERT INTO user_likes (from_user_id, to_user_id, created_at) VALUES ('44', '16', '2020-01-01 15:21:28');
INSERT INTO user_likes (from_user_id, to_user_id, created_at) VALUES ('77', '17', '2020-01-09 20:49:22');
INSERT INTO user_likes (from_user_id, to_user_id, created_at) VALUES ('95', '61', '2019-08-19 00:50:42');
INSERT INTO user_likes (from_user_id, to_user_id, created_at) VALUES ('34', '57', '2020-01-07 12:17:57');
INSERT INTO user_likes (from_user_id, to_user_id, created_at) VALUES ('49', '36', '2019-11-07 16:04:25');
INSERT INTO user_likes (from_user_id, to_user_id, created_at) VALUES ('89', '37', '2019-09-01 14:12:28');
INSERT INTO user_likes (from_user_id, to_user_id, created_at) VALUES ('12', '21', '2020-01-08 22:10:01');
INSERT INTO user_likes (from_user_id, to_user_id, created_at) VALUES ('62', '38', '2019-12-30 13:45:33');
INSERT INTO user_likes (from_user_id, to_user_id, created_at) VALUES ('82', '45', '2019-10-13 13:11:51');
INSERT INTO user_likes (from_user_id, to_user_id, created_at) VALUES ('19', '55', '2020-02-29 10:42:47');
INSERT INTO user_likes (from_user_id, to_user_id, created_at) VALUES ('49', '44', '2019-11-12 03:30:52');
INSERT INTO user_likes (from_user_id, to_user_id, created_at) VALUES ('60', '22', '2020-04-05 19:29:20');
INSERT INTO user_likes (from_user_id, to_user_id, created_at) VALUES ('47', '81', '2020-02-20 13:07:33');
INSERT INTO user_likes (from_user_id, to_user_id, created_at) VALUES ('53', '11', '2020-05-12 04:51:17');
INSERT INTO user_likes (from_user_id, to_user_id, created_at) VALUES ('4', '93', '2019-07-20 04:24:28');
INSERT INTO user_likes (from_user_id, to_user_id, created_at) VALUES ('15', '86', '2020-02-05 02:45:04');
INSERT INTO user_likes (from_user_id, to_user_id, created_at) VALUES ('61', '88', '2019-06-13 07:11:49');
INSERT INTO user_likes (from_user_id, to_user_id, created_at) VALUES ('50', '37', '2019-12-26 03:37:43');
INSERT INTO user_likes (from_user_id, to_user_id, created_at) VALUES ('87', '11', '2019-11-05 07:09:19');
INSERT INTO user_likes (from_user_id, to_user_id, created_at) VALUES ('78', '69', '2019-12-13 17:20:42');
INSERT INTO user_likes (from_user_id, to_user_id, created_at) VALUES ('27', '56', '2019-07-01 18:44:54');
INSERT INTO user_likes (from_user_id, to_user_id, created_at) VALUES ('64', '75', '2020-04-19 14:15:07');
INSERT INTO user_likes (from_user_id, to_user_id, created_at) VALUES ('27', '75', '2019-09-07 15:30:42');
INSERT INTO user_likes (from_user_id, to_user_id, created_at) VALUES ('20', '14', '2019-08-13 19:41:11');
INSERT INTO user_likes (from_user_id, to_user_id, created_at) VALUES ('49', '79', '2019-12-17 06:33:26');
INSERT INTO user_likes (from_user_id, to_user_id, created_at) VALUES ('56', '68', '2020-05-05 13:07:46');
INSERT INTO user_likes (from_user_id, to_user_id, created_at) VALUES ('55', '25', '2019-08-28 17:56:49');
INSERT INTO user_likes (from_user_id, to_user_id, created_at) VALUES ('96', '76', '2019-09-30 11:27:08');
INSERT INTO user_likes (from_user_id, to_user_id, created_at) VALUES ('19', '61', '2019-10-29 17:13:36');
INSERT INTO user_likes (from_user_id, to_user_id, created_at) VALUES ('23', '2', '2019-12-06 19:20:35');
INSERT INTO user_likes (from_user_id, to_user_id, created_at) VALUES ('4', '65', '2019-08-23 18:35:15');
INSERT INTO user_likes (from_user_id, to_user_id, created_at) VALUES ('15', '84', '2019-10-27 12:05:01');
INSERT INTO user_likes (from_user_id, to_user_id, created_at) VALUES ('66', '14', '2019-11-11 06:16:07');
INSERT INTO user_likes (from_user_id, to_user_id, created_at) VALUES ('23', '18', '2020-02-10 00:21:29');
INSERT INTO user_likes (from_user_id, to_user_id, created_at) VALUES ('75', '3', '2019-09-06 18:39:30');
INSERT INTO user_likes (from_user_id, to_user_id, created_at) VALUES ('34', '47', '2020-02-02 21:03:44');
INSERT INTO user_likes (from_user_id, to_user_id, created_at) VALUES ('82', '7', '2020-01-07 10:24:42');
INSERT INTO user_likes (from_user_id, to_user_id, created_at) VALUES ('54', '27', '2020-05-25 23:01:54');
INSERT INTO user_likes (from_user_id, to_user_id, created_at) VALUES ('40', '18', '2020-01-04 22:13:50');
INSERT INTO user_likes (from_user_id, to_user_id, created_at) VALUES ('90', '48', '2019-07-12 19:49:37');
INSERT INTO user_likes (from_user_id, to_user_id, created_at) VALUES ('76', '43', '2020-01-27 19:46:05');
INSERT INTO user_likes (from_user_id, to_user_id, created_at) VALUES ('7', '22', '2020-03-22 00:09:46');
INSERT INTO user_likes (from_user_id, to_user_id, created_at) VALUES ('69', '27', '2019-06-18 19:33:33');
INSERT INTO user_likes (from_user_id, to_user_id, created_at) VALUES ('85', '25', '2019-07-29 11:53:13');
INSERT INTO user_likes (from_user_id, to_user_id, created_at) VALUES ('90', '90', '2019-10-31 07:06:20');
INSERT INTO user_likes (from_user_id, to_user_id, created_at) VALUES ('49', '5', '2020-01-20 07:42:14');
INSERT INTO user_likes (from_user_id, to_user_id, created_at) VALUES ('59', '5', '2020-01-27 01:11:42');
INSERT INTO user_likes (from_user_id, to_user_id, created_at) VALUES ('56', '52', '2020-03-27 16:42:00');
INSERT INTO user_likes (from_user_id, to_user_id, created_at) VALUES ('97', '69', '2019-10-26 23:47:40');
INSERT INTO user_likes (from_user_id, to_user_id, created_at) VALUES ('39', '96', '2020-04-16 20:32:04');
INSERT INTO user_likes (from_user_id, to_user_id, created_at) VALUES ('93', '100', '2019-07-18 03:52:38');
INSERT INTO user_likes (from_user_id, to_user_id, created_at) VALUES ('97', '24', '2019-06-18 20:23:12');
INSERT INTO user_likes (from_user_id, to_user_id, created_at) VALUES ('77', '34', '2020-01-12 05:59:24');
INSERT INTO user_likes (from_user_id, to_user_id, created_at) VALUES ('49', '33', '2020-02-09 03:58:36');
INSERT INTO user_likes (from_user_id, to_user_id, created_at) VALUES ('72', '91', '2020-02-11 08:33:47');
INSERT INTO user_likes (from_user_id, to_user_id, created_at) VALUES ('36', '9', '2020-01-12 03:44:25');
INSERT INTO user_likes (from_user_id, to_user_id, created_at) VALUES ('18', '15', '2019-06-20 14:24:17');
INSERT INTO user_likes (from_user_id, to_user_id, created_at) VALUES ('35', '15', '2020-04-17 19:22:11');
INSERT INTO user_likes (from_user_id, to_user_id, created_at) VALUES ('23', '80', '2019-09-15 12:26:22');
INSERT INTO user_likes (from_user_id, to_user_id, created_at) VALUES ('78', '33', '2020-04-19 10:09:20');
INSERT INTO user_likes (from_user_id, to_user_id, created_at) VALUES ('48', '72', '2020-03-10 07:37:33');
INSERT INTO user_likes (from_user_id, to_user_id, created_at) VALUES ('69', '99', '2019-12-17 16:51:04');
INSERT INTO user_likes (from_user_id, to_user_id, created_at) VALUES ('8', '87', '2019-11-13 11:40:45');
INSERT INTO user_likes (from_user_id, to_user_id, created_at) VALUES ('81', '47', '2020-03-25 03:27:12');
INSERT INTO user_likes (from_user_id, to_user_id, created_at) VALUES ('42', '79', '2019-06-23 22:46:57');
INSERT INTO user_likes (from_user_id, to_user_id, created_at) VALUES ('27', '7', '2020-02-05 17:24:52');
INSERT INTO user_likes (from_user_id, to_user_id, created_at) VALUES ('61', '84', '2020-01-23 03:35:50');
INSERT INTO user_likes (from_user_id, to_user_id, created_at) VALUES ('61', '28', '2020-01-09 14:47:44');
INSERT INTO user_likes (from_user_id, to_user_id, created_at) VALUES ('91', '22', '2020-04-20 19:42:11');
INSERT INTO user_likes (from_user_id, to_user_id, created_at) VALUES ('91', '18', '2019-10-15 15:28:33');
INSERT INTO user_likes (from_user_id, to_user_id, created_at) VALUES ('72', '47', '2020-05-16 18:09:44');
INSERT INTO user_likes (from_user_id, to_user_id, created_at) VALUES ('97', '25', '2020-04-10 01:38:20');
INSERT INTO user_likes (from_user_id, to_user_id, created_at) VALUES ('10', '6', '2020-04-13 06:24:26');
INSERT INTO user_likes (from_user_id, to_user_id, created_at) VALUES ('61', '7', '2019-12-18 04:24:42');
INSERT INTO user_likes (from_user_id, to_user_id, created_at) VALUES ('93', '56', '2019-10-29 12:55:41');
INSERT INTO user_likes (from_user_id, to_user_id, created_at) VALUES ('28', '32', '2019-10-30 03:05:42');
INSERT INTO user_likes (from_user_id, to_user_id, created_at) VALUES ('19', '96', '2019-09-05 12:25:07');
INSERT INTO user_likes (from_user_id, to_user_id, created_at) VALUES ('68', '98', '2020-02-13 15:33:46');
INSERT INTO user_likes (from_user_id, to_user_id, created_at) VALUES ('11', '95', '2020-04-14 03:12:24');
INSERT INTO user_likes (from_user_id, to_user_id, created_at) VALUES ('70', '12', '2019-09-08 21:38:52');
INSERT INTO user_likes (from_user_id, to_user_id, created_at) VALUES ('87', '45', '2019-11-18 07:31:07');
INSERT INTO user_likes (from_user_id, to_user_id, created_at) VALUES ('1', '99', '2020-05-04 19:33:30');
INSERT INTO user_likes (from_user_id, to_user_id, created_at) VALUES ('53', '57', '2019-07-09 01:52:02');
INSERT INTO user_likes (from_user_id, to_user_id, created_at) VALUES ('11', '20', '2019-11-04 00:06:50');
INSERT INTO user_likes (from_user_id, to_user_id, created_at) VALUES ('51', '45', '2020-03-02 17:15:52');
INSERT INTO user_likes (from_user_id, to_user_id, created_at) VALUES ('9', '37', '2019-07-28 13:48:40');
INSERT INTO user_likes (from_user_id, to_user_id, created_at) VALUES ('94', '33', '2020-02-09 05:36:29');
INSERT INTO user_likes (from_user_id, to_user_id, created_at) VALUES ('2', '98', '2019-10-16 13:49:08');
INSERT INTO user_likes (from_user_id, to_user_id, created_at) VALUES ('78', '35', '2019-09-21 05:30:25');
INSERT INTO user_likes (from_user_id, to_user_id, created_at) VALUES ('5', '12', '2019-07-02 20:18:46');
INSERT INTO user_likes (from_user_id, to_user_id, created_at) VALUES ('39', '57', '2019-06-08 10:43:59');
INSERT INTO user_likes (from_user_id, to_user_id, created_at) VALUES ('19', '65', '2020-04-27 01:22:35');
INSERT INTO user_likes (from_user_id, to_user_id, created_at) VALUES ('84', '61', '2019-07-12 17:12:22');
INSERT INTO user_likes (from_user_id, to_user_id, created_at) VALUES ('19', '90', '2020-03-24 15:04:51');
INSERT INTO user_likes (from_user_id, to_user_id, created_at) VALUES ('95', '10', '2020-04-10 13:40:55');
INSERT INTO user_likes (from_user_id, to_user_id, created_at) VALUES ('20', '66', '2019-07-14 15:56:01');
INSERT INTO user_likes (from_user_id, to_user_id, created_at) VALUES ('52', '13', '2020-04-22 03:08:49');
INSERT INTO user_likes (from_user_id, to_user_id, created_at) VALUES ('19', '40', '2019-11-06 23:26:46');
INSERT INTO user_likes (from_user_id, to_user_id, created_at) VALUES ('36', '36', '2019-12-10 06:26:59');
INSERT INTO user_likes (from_user_id, to_user_id, created_at) VALUES ('77', '71', '2019-06-19 09:24:06');
INSERT INTO user_likes (from_user_id, to_user_id, created_at) VALUES ('62', '62', '2020-02-23 02:05:37');
INSERT INTO user_likes (from_user_id, to_user_id, created_at) VALUES ('20', '64', '2020-03-03 04:26:12');
INSERT INTO user_likes (from_user_id, to_user_id, created_at) VALUES ('44', '24', '2020-01-21 05:35:17');
INSERT INTO user_likes (from_user_id, to_user_id, created_at) VALUES ('16', '5', '2019-09-11 06:21:19');
INSERT INTO user_likes (from_user_id, to_user_id, created_at) VALUES ('1', '79', '2019-12-14 11:04:42');
INSERT INTO user_likes (from_user_id, to_user_id, created_at) VALUES ('85', '36', '2020-04-22 12:59:45');
INSERT INTO user_likes (from_user_id, to_user_id, created_at) VALUES ('54', '65', '2020-03-21 01:35:52');
INSERT INTO user_likes (from_user_id, to_user_id, created_at) VALUES ('18', '19', '2020-02-03 03:53:54');
INSERT INTO user_likes (from_user_id, to_user_id, created_at) VALUES ('54', '74', '2019-06-03 23:50:27');
INSERT INTO user_likes (from_user_id, to_user_id, created_at) VALUES ('55', '29', '2019-10-11 18:26:51');
INSERT INTO user_likes (from_user_id, to_user_id, created_at) VALUES ('31', '58', '2020-04-01 20:12:23');
INSERT INTO user_likes (from_user_id, to_user_id, created_at) VALUES ('51', '50', '2020-04-13 13:52:56');
INSERT INTO user_likes (from_user_id, to_user_id, created_at) VALUES ('46', '21', '2019-10-21 07:07:59');
INSERT INTO user_likes (from_user_id, to_user_id, created_at) VALUES ('78', '27', '2020-04-09 14:39:41');
INSERT INTO user_likes (from_user_id, to_user_id, created_at) VALUES ('24', '51', '2020-04-10 15:16:59');
INSERT INTO user_likes (from_user_id, to_user_id, created_at) VALUES ('93', '39', '2020-01-14 19:05:52');
INSERT INTO user_likes (from_user_id, to_user_id, created_at) VALUES ('84', '66', '2020-04-24 01:59:03');
INSERT INTO user_likes (from_user_id, to_user_id, created_at) VALUES ('4', '19', '2019-07-20 08:41:28');
INSERT INTO user_likes (from_user_id, to_user_id, created_at) VALUES ('82', '29', '2020-03-22 03:31:57');
INSERT INTO user_likes (from_user_id, to_user_id, created_at) VALUES ('7', '31', '2020-01-19 11:28:00');
INSERT INTO user_likes (from_user_id, to_user_id, created_at) VALUES ('28', '95', '2019-09-29 04:41:32');
INSERT INTO user_likes (from_user_id, to_user_id, created_at) VALUES ('19', '12', '2020-02-28 18:31:06');
INSERT INTO user_likes (from_user_id, to_user_id, created_at) VALUES ('87', '20', '2020-05-27 21:31:05');
INSERT INTO user_likes (from_user_id, to_user_id, created_at) VALUES ('96', '19', '2019-09-01 00:55:18');
INSERT INTO user_likes (from_user_id, to_user_id, created_at) VALUES ('44', '12', '2020-02-16 09:38:37');
INSERT INTO user_likes (from_user_id, to_user_id, created_at) VALUES ('91', '51', '2019-08-04 20:05:25');
INSERT INTO user_likes (from_user_id, to_user_id, created_at) VALUES ('99', '79', '2019-08-10 18:47:23');
INSERT INTO user_likes (from_user_id, to_user_id, created_at) VALUES ('81', '77', '2020-05-08 18:00:26');
INSERT INTO user_likes (from_user_id, to_user_id, created_at) VALUES ('85', '95', '2019-12-26 17:08:36');
INSERT INTO user_likes (from_user_id, to_user_id, created_at) VALUES ('72', '32', '2019-11-01 05:16:21');
INSERT INTO user_likes (from_user_id, to_user_id, created_at) VALUES ('25', '93', '2019-06-23 22:31:40');
INSERT INTO user_likes (from_user_id, to_user_id, created_at) VALUES ('33', '47', '2019-07-07 17:33:22');
INSERT INTO user_likes (from_user_id, to_user_id, created_at) VALUES ('80', '52', '2019-08-15 21:53:26');
INSERT INTO user_likes (from_user_id, to_user_id, created_at) VALUES ('74', '49', '2019-12-27 05:54:11');
INSERT INTO user_likes (from_user_id, to_user_id, created_at) VALUES ('54', '6', '2019-11-26 05:22:03');
INSERT INTO user_likes (from_user_id, to_user_id, created_at) VALUES ('79', '35', '2020-05-12 21:53:44');
INSERT INTO user_likes (from_user_id, to_user_id, created_at) VALUES ('16', '39', '2020-03-30 10:32:17');
INSERT INTO user_likes (from_user_id, to_user_id, created_at) VALUES ('87', '61', '2020-01-14 11:08:35');
INSERT INTO user_likes (from_user_id, to_user_id, created_at) VALUES ('23', '1', '2019-08-28 04:16:52');
INSERT INTO user_likes (from_user_id, to_user_id, created_at) VALUES ('31', '2', '2020-01-31 16:49:22');
INSERT INTO user_likes (from_user_id, to_user_id, created_at) VALUES ('71', '5', '2020-05-03 13:02:08');
INSERT INTO user_likes (from_user_id, to_user_id, created_at) VALUES ('66', '4', '2019-11-26 06:08:08');
INSERT INTO user_likes (from_user_id, to_user_id, created_at) VALUES ('9', '56', '2019-11-28 03:37:44');
INSERT INTO user_likes (from_user_id, to_user_id, created_at) VALUES ('51', '72', '2020-04-11 14:02:10');
INSERT INTO user_likes (from_user_id, to_user_id, created_at) VALUES ('39', '15', '2020-01-13 21:36:04');
INSERT INTO user_likes (from_user_id, to_user_id, created_at) VALUES ('67', '55', '2020-04-16 18:26:41');
INSERT INTO user_likes (from_user_id, to_user_id, created_at) VALUES ('31', '28', '2019-11-13 16:19:06');
INSERT INTO user_likes (from_user_id, to_user_id, created_at) VALUES ('96', '56', '2019-06-10 06:09:58');
INSERT INTO user_likes (from_user_id, to_user_id, created_at) VALUES ('15', '99', '2020-03-18 21:31:18');
INSERT INTO user_likes (from_user_id, to_user_id, created_at) VALUES ('23', '91', '2019-06-11 06:40:28');
INSERT INTO user_likes (from_user_id, to_user_id, created_at) VALUES ('63', '69', '2020-02-05 06:47:23');
INSERT INTO user_likes (from_user_id, to_user_id, created_at) VALUES ('97', '54', '2020-04-15 19:53:57');
INSERT INTO user_likes (from_user_id, to_user_id, created_at) VALUES ('97', '97', '2019-07-01 17:05:57');
INSERT INTO user_likes (from_user_id, to_user_id, created_at) VALUES ('25', '89', '2019-06-16 08:39:38');
INSERT INTO user_likes (from_user_id, to_user_id, created_at) VALUES ('68', '6', '2020-01-20 06:20:06');
INSERT INTO user_likes (from_user_id, to_user_id, created_at) VALUES ('6', '48', '2020-03-03 19:18:24');
INSERT INTO user_likes (from_user_id, to_user_id, created_at) VALUES ('86', '15', '2019-10-09 11:15:05');
INSERT INTO user_likes (from_user_id, to_user_id, created_at) VALUES ('39', '32', '2020-04-01 06:58:34');
INSERT INTO user_likes (from_user_id, to_user_id, created_at) VALUES ('8', '93', '2019-12-07 22:16:39');
INSERT INTO user_likes (from_user_id, to_user_id, created_at) VALUES ('82', '84', '2020-03-28 19:16:56');
INSERT INTO user_likes (from_user_id, to_user_id, created_at) VALUES ('64', '63', '2019-07-05 04:35:29');
INSERT INTO user_likes (from_user_id, to_user_id, created_at) VALUES ('80', '44', '2019-06-18 01:23:41');
INSERT INTO user_likes (from_user_id, to_user_id, created_at) VALUES ('32', '48', '2019-11-16 22:34:50');
INSERT INTO user_likes (from_user_id, to_user_id, created_at) VALUES ('7', '61', '2019-06-08 21:50:44');
INSERT INTO user_likes (from_user_id, to_user_id, created_at) VALUES ('5', '66', '2020-01-28 05:10:01');
INSERT INTO user_likes (from_user_id, to_user_id, created_at) VALUES ('36', '48', '2019-06-19 00:07:52');
INSERT INTO user_likes (from_user_id, to_user_id, created_at) VALUES ('29', '75', '2020-05-11 10:30:57');
INSERT INTO user_likes (from_user_id, to_user_id, created_at) VALUES ('87', '55', '2019-06-22 10:24:36');
INSERT INTO user_likes (from_user_id, to_user_id, created_at) VALUES ('16', '8', '2020-05-03 04:01:25');
INSERT INTO user_likes (from_user_id, to_user_id, created_at) VALUES ('58', '50', '2019-09-04 22:22:52');
INSERT INTO user_likes (from_user_id, to_user_id, created_at) VALUES ('55', '41', '2020-01-04 17:53:10');
INSERT INTO user_likes (from_user_id, to_user_id, created_at) VALUES ('24', '60', '2020-02-02 10:01:38');
INSERT INTO user_likes (from_user_id, to_user_id, created_at) VALUES ('7', '34', '2019-11-08 07:03:41');
INSERT INTO user_likes (from_user_id, to_user_id, created_at) VALUES ('33', '50', '2020-03-27 21:35:42');
INSERT INTO user_likes (from_user_id, to_user_id, created_at) VALUES ('5', '7', '2019-11-05 06:45:59');
INSERT INTO user_likes (from_user_id, to_user_id, created_at) VALUES ('41', '39', '2020-05-07 01:25:51');
INSERT INTO user_likes (from_user_id, to_user_id, created_at) VALUES ('6', '90', '2020-01-10 17:43:03');
INSERT INTO user_likes (from_user_id, to_user_id, created_at) VALUES ('87', '88', '2019-11-12 05:21:32');
INSERT INTO user_likes (from_user_id, to_user_id, created_at) VALUES ('42', '26', '2020-01-28 13:44:41');
INSERT INTO user_likes (from_user_id, to_user_id, created_at) VALUES ('77', '97', '2019-07-07 03:59:25');
INSERT INTO user_likes (from_user_id, to_user_id, created_at) VALUES ('20', '12', '2020-01-26 13:20:49');
INSERT INTO user_likes (from_user_id, to_user_id, created_at) VALUES ('94', '61', '2019-11-10 03:48:00');
INSERT INTO user_likes (from_user_id, to_user_id, created_at) VALUES ('21', '7', '2019-10-13 18:06:38');
INSERT INTO user_likes (from_user_id, to_user_id, created_at) VALUES ('91', '12', '2020-03-23 04:52:08');
INSERT INTO user_likes (from_user_id, to_user_id, created_at) VALUES ('4', '96', '2020-02-20 19:39:27');
INSERT INTO user_likes (from_user_id, to_user_id, created_at) VALUES ('7', '18', '2019-08-13 17:23:39');
INSERT INTO user_likes (from_user_id, to_user_id, created_at) VALUES ('33', '18', '2020-02-05 13:56:35');
INSERT INTO user_likes (from_user_id, to_user_id, created_at) VALUES ('9', '31', '2019-06-03 17:55:15');

INSERT INTO photo_albums (id, name, user_id) VALUES ('1', 'eaque', '34');
INSERT INTO photo_albums (id, name, user_id) VALUES ('2', 'nam', '80');
INSERT INTO photo_albums (id, name, user_id) VALUES ('3', 'libero', '47');
INSERT INTO photo_albums (id, name, user_id) VALUES ('4', 'sit', '86');
INSERT INTO photo_albums (id, name, user_id) VALUES ('5', 'alias', '28');
INSERT INTO photo_albums (id, name, user_id) VALUES ('6', 'totam', '34');
INSERT INTO photo_albums (id, name, user_id) VALUES ('7', 'quasi', '1');
INSERT INTO photo_albums (id, name, user_id) VALUES ('8', 'itaque', '98');
INSERT INTO photo_albums (id, name, user_id) VALUES ('9', 'nulla', '82');
INSERT INTO photo_albums (id, name, user_id) VALUES ('10', 'quia', '46');
INSERT INTO photo_albums (id, name, user_id) VALUES ('11', 'modi', '17');
INSERT INTO photo_albums (id, name, user_id) VALUES ('12', 'et', '88');
INSERT INTO photo_albums (id, name, user_id) VALUES ('13', 'sed', '78');
INSERT INTO photo_albums (id, name, user_id) VALUES ('14', 'quibusdam', '37');
INSERT INTO photo_albums (id, name, user_id) VALUES ('15', 'id', '38');
INSERT INTO photo_albums (id, name, user_id) VALUES ('16', 'voluptate', '25');
INSERT INTO photo_albums (id, name, user_id) VALUES ('17', 'nesciunt', '76');
INSERT INTO photo_albums (id, name, user_id) VALUES ('18', 'odit', '61');
INSERT INTO photo_albums (id, name, user_id) VALUES ('19', 'vel', '81');
INSERT INTO photo_albums (id, name, user_id) VALUES ('20', 'qui', '61');
INSERT INTO photo_albums (id, name, user_id) VALUES ('21', 'unde', '29');
INSERT INTO photo_albums (id, name, user_id) VALUES ('22', 'non', '98');
INSERT INTO photo_albums (id, name, user_id) VALUES ('23', 'incidunt', '46');
INSERT INTO photo_albums (id, name, user_id) VALUES ('24', 'dolore', '4');
INSERT INTO photo_albums (id, name, user_id) VALUES ('25', 'in', '41');
INSERT INTO photo_albums (id, name, user_id) VALUES ('26', 'sed', '5');
INSERT INTO photo_albums (id, name, user_id) VALUES ('27', 'consequatur', '77');
INSERT INTO photo_albums (id, name, user_id) VALUES ('28', 'omnis', '37');
INSERT INTO photo_albums (id, name, user_id) VALUES ('29', 'et', '27');
INSERT INTO photo_albums (id, name, user_id) VALUES ('30', 'vero', '57');
INSERT INTO photo_albums (id, name, user_id) VALUES ('31', 'aliquid', '81');
INSERT INTO photo_albums (id, name, user_id) VALUES ('32', 'dolores', '63');
INSERT INTO photo_albums (id, name, user_id) VALUES ('33', 'omnis', '72');
INSERT INTO photo_albums (id, name, user_id) VALUES ('34', 'architecto', '39');
INSERT INTO photo_albums (id, name, user_id) VALUES ('35', 'ut', '66');
INSERT INTO photo_albums (id, name, user_id) VALUES ('36', 'quisquam', '33');
INSERT INTO photo_albums (id, name, user_id) VALUES ('37', 'soluta', '38');
INSERT INTO photo_albums (id, name, user_id) VALUES ('38', 'sit', '26');
INSERT INTO photo_albums (id, name, user_id) VALUES ('39', 'harum', '26');
INSERT INTO photo_albums (id, name, user_id) VALUES ('40', 'voluptate', '61');
INSERT INTO photo_albums (id, name, user_id) VALUES ('41', 'iste', '14');
INSERT INTO photo_albums (id, name, user_id) VALUES ('42', 'quia', '42');
INSERT INTO photo_albums (id, name, user_id) VALUES ('43', 'suscipit', '42');
INSERT INTO photo_albums (id, name, user_id) VALUES ('44', 'repudiandae', '96');
INSERT INTO photo_albums (id, name, user_id) VALUES ('45', 'consequatur', '70');
INSERT INTO photo_albums (id, name, user_id) VALUES ('46', 'perspiciatis', '97');
INSERT INTO photo_albums (id, name, user_id) VALUES ('47', 'assumenda', '92');
INSERT INTO photo_albums (id, name, user_id) VALUES ('48', 'modi', '59');
INSERT INTO photo_albums (id, name, user_id) VALUES ('49', 'explicabo', '62');
INSERT INTO photo_albums (id, name, user_id) VALUES ('50', 'perspiciatis', '10');
INSERT INTO photo_albums (id, name, user_id) VALUES ('51', 'repellat', '90');
INSERT INTO photo_albums (id, name, user_id) VALUES ('52', 'recusandae', '51');
INSERT INTO photo_albums (id, name, user_id) VALUES ('53', 'qui', '12');
INSERT INTO photo_albums (id, name, user_id) VALUES ('54', 'rerum', '16');
INSERT INTO photo_albums (id, name, user_id) VALUES ('55', 'hic', '89');
INSERT INTO photo_albums (id, name, user_id) VALUES ('56', 'qui', '41');
INSERT INTO photo_albums (id, name, user_id) VALUES ('57', 'ipsa', '59');
INSERT INTO photo_albums (id, name, user_id) VALUES ('58', 'at', '99');
INSERT INTO photo_albums (id, name, user_id) VALUES ('59', 'saepe', '17');
INSERT INTO photo_albums (id, name, user_id) VALUES ('60', 'rerum', '88');
INSERT INTO photo_albums (id, name, user_id) VALUES ('61', 'minima', '8');
INSERT INTO photo_albums (id, name, user_id) VALUES ('62', 'ipsam', '50');
INSERT INTO photo_albums (id, name, user_id) VALUES ('63', 'consequuntur', '13');
INSERT INTO photo_albums (id, name, user_id) VALUES ('64', 'rem', '61');
INSERT INTO photo_albums (id, name, user_id) VALUES ('65', 'a', '26');
INSERT INTO photo_albums (id, name, user_id) VALUES ('66', 'aut', '7');
INSERT INTO photo_albums (id, name, user_id) VALUES ('67', 'ea', '44');
INSERT INTO photo_albums (id, name, user_id) VALUES ('68', 'aut', '40');
INSERT INTO photo_albums (id, name, user_id) VALUES ('69', 'voluptates', '83');
INSERT INTO photo_albums (id, name, user_id) VALUES ('70', 'et', '60');
INSERT INTO photo_albums (id, name, user_id) VALUES ('71', 'non', '52');
INSERT INTO photo_albums (id, name, user_id) VALUES ('72', 'repudiandae', '15');
INSERT INTO photo_albums (id, name, user_id) VALUES ('73', 'aut', '65');
INSERT INTO photo_albums (id, name, user_id) VALUES ('74', 'voluptate', '27');
INSERT INTO photo_albums (id, name, user_id) VALUES ('75', 'praesentium', '47');
INSERT INTO photo_albums (id, name, user_id) VALUES ('76', 'ut', '66');
INSERT INTO photo_albums (id, name, user_id) VALUES ('77', 'fugiat', '92');
INSERT INTO photo_albums (id, name, user_id) VALUES ('78', 'corporis', '18');
INSERT INTO photo_albums (id, name, user_id) VALUES ('79', 'occaecati', '35');
INSERT INTO photo_albums (id, name, user_id) VALUES ('80', 'consequatur', '10');
INSERT INTO photo_albums (id, name, user_id) VALUES ('81', 'nostrum', '31');
INSERT INTO photo_albums (id, name, user_id) VALUES ('82', 'accusamus', '24');
INSERT INTO photo_albums (id, name, user_id) VALUES ('83', 'doloremque', '65');
INSERT INTO photo_albums (id, name, user_id) VALUES ('84', 'voluptate', '80');
INSERT INTO photo_albums (id, name, user_id) VALUES ('85', 'sit', '9');
INSERT INTO photo_albums (id, name, user_id) VALUES ('86', 'consequatur', '3');
INSERT INTO photo_albums (id, name, user_id) VALUES ('87', 'et', '73');
INSERT INTO photo_albums (id, name, user_id) VALUES ('88', 'blanditiis', '76');
INSERT INTO photo_albums (id, name, user_id) VALUES ('89', 'consectetur', '78');
INSERT INTO photo_albums (id, name, user_id) VALUES ('90', 'eveniet', '88');
INSERT INTO photo_albums (id, name, user_id) VALUES ('91', 'eaque', '4');
INSERT INTO photo_albums (id, name, user_id) VALUES ('92', 'nisi', '36');
INSERT INTO photo_albums (id, name, user_id) VALUES ('93', 'officiis', '33');
INSERT INTO photo_albums (id, name, user_id) VALUES ('94', 'tenetur', '15');
INSERT INTO photo_albums (id, name, user_id) VALUES ('95', 'alias', '64');
INSERT INTO photo_albums (id, name, user_id) VALUES ('96', 'autem', '65');
INSERT INTO photo_albums (id, name, user_id) VALUES ('97', 'dicta', '37');
INSERT INTO photo_albums (id, name, user_id) VALUES ('98', 'voluptatibus', '37');
INSERT INTO photo_albums (id, name, user_id) VALUES ('99', 'ex', '53');
INSERT INTO photo_albums (id, name, user_id) VALUES ('100', 'harum', '75');
INSERT INTO photo_albums (id, name, user_id) VALUES ('101', 'qui', '32');
INSERT INTO photo_albums (id, name, user_id) VALUES ('102', 'odio', '86');
INSERT INTO photo_albums (id, name, user_id) VALUES ('103', 'recusandae', '30');
INSERT INTO photo_albums (id, name, user_id) VALUES ('104', 'architecto', '13');
INSERT INTO photo_albums (id, name, user_id) VALUES ('105', 'hic', '52');
INSERT INTO photo_albums (id, name, user_id) VALUES ('106', 'odio', '19');
INSERT INTO photo_albums (id, name, user_id) VALUES ('107', 'illum', '10');
INSERT INTO photo_albums (id, name, user_id) VALUES ('108', 'distinctio', '55');
INSERT INTO photo_albums (id, name, user_id) VALUES ('109', 'porro', '50');
INSERT INTO photo_albums (id, name, user_id) VALUES ('110', 'quia', '83');
INSERT INTO photo_albums (id, name, user_id) VALUES ('111', 'accusantium', '69');
INSERT INTO photo_albums (id, name, user_id) VALUES ('112', 'molestias', '24');
INSERT INTO photo_albums (id, name, user_id) VALUES ('113', 'quod', '49');
INSERT INTO photo_albums (id, name, user_id) VALUES ('114', 'aliquid', '56');
INSERT INTO photo_albums (id, name, user_id) VALUES ('115', 'porro', '84');
INSERT INTO photo_albums (id, name, user_id) VALUES ('116', 'illo', '100');
INSERT INTO photo_albums (id, name, user_id) VALUES ('117', 'perferendis', '20');
INSERT INTO photo_albums (id, name, user_id) VALUES ('118', 'praesentium', '82');
INSERT INTO photo_albums (id, name, user_id) VALUES ('119', 'asperiores', '58');
INSERT INTO photo_albums (id, name, user_id) VALUES ('120', 'beatae', '55');
INSERT INTO photo_albums (id, name, user_id) VALUES ('121', 'molestiae', '36');
INSERT INTO photo_albums (id, name, user_id) VALUES ('122', 'architecto', '69');
INSERT INTO photo_albums (id, name, user_id) VALUES ('123', 'sunt', '37');
INSERT INTO photo_albums (id, name, user_id) VALUES ('124', 'fugiat', '84');
INSERT INTO photo_albums (id, name, user_id) VALUES ('125', 'quia', '36');
INSERT INTO photo_albums (id, name, user_id) VALUES ('126', 'ut', '82');
INSERT INTO photo_albums (id, name, user_id) VALUES ('127', 'sint', '35');
INSERT INTO photo_albums (id, name, user_id) VALUES ('128', 'exercitationem', '88');
INSERT INTO photo_albums (id, name, user_id) VALUES ('129', 'eaque', '3');
INSERT INTO photo_albums (id, name, user_id) VALUES ('130', 'maiores', '50');
INSERT INTO photo_albums (id, name, user_id) VALUES ('131', 'quaerat', '26');
INSERT INTO photo_albums (id, name, user_id) VALUES ('132', 'delectus', '38');
INSERT INTO photo_albums (id, name, user_id) VALUES ('133', 'qui', '23');
INSERT INTO photo_albums (id, name, user_id) VALUES ('134', 'ipsam', '34');
INSERT INTO photo_albums (id, name, user_id) VALUES ('135', 'blanditiis', '46');
INSERT INTO photo_albums (id, name, user_id) VALUES ('136', 'quia', '30');
INSERT INTO photo_albums (id, name, user_id) VALUES ('137', 'nam', '86');
INSERT INTO photo_albums (id, name, user_id) VALUES ('138', 'saepe', '83');
INSERT INTO photo_albums (id, name, user_id) VALUES ('139', 'voluptatum', '90');
INSERT INTO photo_albums (id, name, user_id) VALUES ('140', 'est', '85');
INSERT INTO photo_albums (id, name, user_id) VALUES ('141', 'nesciunt', '33');
INSERT INTO photo_albums (id, name, user_id) VALUES ('142', 'iste', '40');
INSERT INTO photo_albums (id, name, user_id) VALUES ('143', 'laborum', '55');
INSERT INTO photo_albums (id, name, user_id) VALUES ('144', 'est', '83');
INSERT INTO photo_albums (id, name, user_id) VALUES ('145', 'dicta', '84');
INSERT INTO photo_albums (id, name, user_id) VALUES ('146', 'optio', '4');
INSERT INTO photo_albums (id, name, user_id) VALUES ('147', 'asperiores', '86');
INSERT INTO photo_albums (id, name, user_id) VALUES ('148', 'officiis', '90');
INSERT INTO photo_albums (id, name, user_id) VALUES ('149', 'enim', '11');
INSERT INTO photo_albums (id, name, user_id) VALUES ('150', 'assumenda', '90');
INSERT INTO photo_albums (id, name, user_id) VALUES ('151', 'dolorem', '29');
INSERT INTO photo_albums (id, name, user_id) VALUES ('152', 'quisquam', '96');
INSERT INTO photo_albums (id, name, user_id) VALUES ('153', 'a', '36');
INSERT INTO photo_albums (id, name, user_id) VALUES ('154', 'porro', '9');
INSERT INTO photo_albums (id, name, user_id) VALUES ('155', 'perferendis', '36');
INSERT INTO photo_albums (id, name, user_id) VALUES ('156', 'natus', '18');
INSERT INTO photo_albums (id, name, user_id) VALUES ('157', 'eum', '9');
INSERT INTO photo_albums (id, name, user_id) VALUES ('158', 'deserunt', '28');
INSERT INTO photo_albums (id, name, user_id) VALUES ('159', 'qui', '53');
INSERT INTO photo_albums (id, name, user_id) VALUES ('160', 'voluptatem', '79');
INSERT INTO photo_albums (id, name, user_id) VALUES ('161', 'voluptatem', '48');
INSERT INTO photo_albums (id, name, user_id) VALUES ('162', 'et', '83');
INSERT INTO photo_albums (id, name, user_id) VALUES ('163', 'quo', '34');
INSERT INTO photo_albums (id, name, user_id) VALUES ('164', 'mollitia', '64');
INSERT INTO photo_albums (id, name, user_id) VALUES ('165', 'non', '24');
INSERT INTO photo_albums (id, name, user_id) VALUES ('166', 'facilis', '76');
INSERT INTO photo_albums (id, name, user_id) VALUES ('167', 'saepe', '39');
INSERT INTO photo_albums (id, name, user_id) VALUES ('168', 'quibusdam', '1');
INSERT INTO photo_albums (id, name, user_id) VALUES ('169', 'nostrum', '66');
INSERT INTO photo_albums (id, name, user_id) VALUES ('170', 'rem', '7');
INSERT INTO photo_albums (id, name, user_id) VALUES ('171', 'similique', '83');
INSERT INTO photo_albums (id, name, user_id) VALUES ('172', 'doloribus', '42');
INSERT INTO photo_albums (id, name, user_id) VALUES ('173', 'quia', '46');
INSERT INTO photo_albums (id, name, user_id) VALUES ('174', 'enim', '94');
INSERT INTO photo_albums (id, name, user_id) VALUES ('175', 'aut', '61');
INSERT INTO photo_albums (id, name, user_id) VALUES ('176', 'soluta', '20');
INSERT INTO photo_albums (id, name, user_id) VALUES ('177', 'quia', '32');
INSERT INTO photo_albums (id, name, user_id) VALUES ('178', 'non', '22');
INSERT INTO photo_albums (id, name, user_id) VALUES ('179', 'quaerat', '86');
INSERT INTO photo_albums (id, name, user_id) VALUES ('180', 'recusandae', '12');
INSERT INTO photo_albums (id, name, user_id) VALUES ('181', 'neque', '14');
INSERT INTO photo_albums (id, name, user_id) VALUES ('182', 'omnis', '41');
INSERT INTO photo_albums (id, name, user_id) VALUES ('183', 'temporibus', '59');
INSERT INTO photo_albums (id, name, user_id) VALUES ('184', 'deserunt', '94');
INSERT INTO photo_albums (id, name, user_id) VALUES ('185', 'rerum', '51');
INSERT INTO photo_albums (id, name, user_id) VALUES ('186', 'enim', '44');
INSERT INTO photo_albums (id, name, user_id) VALUES ('187', 'itaque', '49');
INSERT INTO photo_albums (id, name, user_id) VALUES ('188', 'dolorum', '74');
INSERT INTO photo_albums (id, name, user_id) VALUES ('189', 'inventore', '91');
INSERT INTO photo_albums (id, name, user_id) VALUES ('190', 'nostrum', '15');
INSERT INTO photo_albums (id, name, user_id) VALUES ('191', 'ad', '63');
INSERT INTO photo_albums (id, name, user_id) VALUES ('192', 'blanditiis', '36');
INSERT INTO photo_albums (id, name, user_id) VALUES ('193', 'cum', '56');
INSERT INTO photo_albums (id, name, user_id) VALUES ('194', 'sunt', '96');
INSERT INTO photo_albums (id, name, user_id) VALUES ('195', 'architecto', '9');
INSERT INTO photo_albums (id, name, user_id) VALUES ('196', 'et', '30');
INSERT INTO photo_albums (id, name, user_id) VALUES ('197', 'totam', '61');
INSERT INTO photo_albums (id, name, user_id) VALUES ('198', 'aut', '52');
INSERT INTO photo_albums (id, name, user_id) VALUES ('199', 'maxime', '47');
INSERT INTO photo_albums (id, name, user_id) VALUES ('200', 'sint', '61');

INSERT INTO photos (id, album_id, media_id) VALUES ('1', '162', '131');
INSERT INTO photos (id, album_id, media_id) VALUES ('2', '101', '95');
INSERT INTO photos (id, album_id, media_id) VALUES ('3', '70', '55');
INSERT INTO photos (id, album_id, media_id) VALUES ('4', '81', '86');
INSERT INTO photos (id, album_id, media_id) VALUES ('5', '62', '24');
INSERT INTO photos (id, album_id, media_id) VALUES ('6', '76', '39');
INSERT INTO photos (id, album_id, media_id) VALUES ('7', '15', '128');
INSERT INTO photos (id, album_id, media_id) VALUES ('8', '76', '92');
INSERT INTO photos (id, album_id, media_id) VALUES ('9', '145', '182');
INSERT INTO photos (id, album_id, media_id) VALUES ('10', '89', '146');
INSERT INTO photos (id, album_id, media_id) VALUES ('11', '195', '56');
INSERT INTO photos (id, album_id, media_id) VALUES ('12', '145', '185');
INSERT INTO photos (id, album_id, media_id) VALUES ('13', '132', '181');
INSERT INTO photos (id, album_id, media_id) VALUES ('14', '14', '26');
INSERT INTO photos (id, album_id, media_id) VALUES ('15', '45', '166');
INSERT INTO photos (id, album_id, media_id) VALUES ('16', '53', '179');
INSERT INTO photos (id, album_id, media_id) VALUES ('17', '36', '96');
INSERT INTO photos (id, album_id, media_id) VALUES ('18', '104', '93');
INSERT INTO photos (id, album_id, media_id) VALUES ('19', '129', '104');
INSERT INTO photos (id, album_id, media_id) VALUES ('20', '172', '163');
INSERT INTO photos (id, album_id, media_id) VALUES ('21', '75', '10');
INSERT INTO photos (id, album_id, media_id) VALUES ('22', '11', '199');
INSERT INTO photos (id, album_id, media_id) VALUES ('23', '96', '6');
INSERT INTO photos (id, album_id, media_id) VALUES ('24', '24', '27');
INSERT INTO photos (id, album_id, media_id) VALUES ('25', '25', '184');
INSERT INTO photos (id, album_id, media_id) VALUES ('26', '67', '19');
INSERT INTO photos (id, album_id, media_id) VALUES ('27', '110', '83');
INSERT INTO photos (id, album_id, media_id) VALUES ('28', '23', '84');
INSERT INTO photos (id, album_id, media_id) VALUES ('29', '181', '123');
INSERT INTO photos (id, album_id, media_id) VALUES ('30', '48', '182');
INSERT INTO photos (id, album_id, media_id) VALUES ('31', '90', '135');
INSERT INTO photos (id, album_id, media_id) VALUES ('32', '5', '87');
INSERT INTO photos (id, album_id, media_id) VALUES ('33', '129', '90');
INSERT INTO photos (id, album_id, media_id) VALUES ('34', '173', '58');
INSERT INTO photos (id, album_id, media_id) VALUES ('35', '106', '101');
INSERT INTO photos (id, album_id, media_id) VALUES ('36', '94', '123');
INSERT INTO photos (id, album_id, media_id) VALUES ('37', '153', '35');
INSERT INTO photos (id, album_id, media_id) VALUES ('38', '14', '161');
INSERT INTO photos (id, album_id, media_id) VALUES ('39', '28', '40');
INSERT INTO photos (id, album_id, media_id) VALUES ('40', '24', '194');
INSERT INTO photos (id, album_id, media_id) VALUES ('41', '135', '36');
INSERT INTO photos (id, album_id, media_id) VALUES ('42', '16', '67');
INSERT INTO photos (id, album_id, media_id) VALUES ('43', '44', '25');
INSERT INTO photos (id, album_id, media_id) VALUES ('44', '163', '41');
INSERT INTO photos (id, album_id, media_id) VALUES ('45', '44', '153');
INSERT INTO photos (id, album_id, media_id) VALUES ('46', '107', '11');
INSERT INTO photos (id, album_id, media_id) VALUES ('47', '33', '186');
INSERT INTO photos (id, album_id, media_id) VALUES ('48', '125', '88');
INSERT INTO photos (id, album_id, media_id) VALUES ('49', '174', '126');
INSERT INTO photos (id, album_id, media_id) VALUES ('50', '174', '191');
INSERT INTO photos (id, album_id, media_id) VALUES ('51', '149', '53');
INSERT INTO photos (id, album_id, media_id) VALUES ('52', '55', '34');
INSERT INTO photos (id, album_id, media_id) VALUES ('53', '45', '173');
INSERT INTO photos (id, album_id, media_id) VALUES ('54', '115', '112');
INSERT INTO photos (id, album_id, media_id) VALUES ('55', '18', '49');
INSERT INTO photos (id, album_id, media_id) VALUES ('56', '192', '39');
INSERT INTO photos (id, album_id, media_id) VALUES ('57', '137', '29');
INSERT INTO photos (id, album_id, media_id) VALUES ('58', '46', '167');
INSERT INTO photos (id, album_id, media_id) VALUES ('59', '82', '40');
INSERT INTO photos (id, album_id, media_id) VALUES ('60', '154', '111');
INSERT INTO photos (id, album_id, media_id) VALUES ('61', '172', '91');
INSERT INTO photos (id, album_id, media_id) VALUES ('62', '103', '102');
INSERT INTO photos (id, album_id, media_id) VALUES ('63', '58', '104');
INSERT INTO photos (id, album_id, media_id) VALUES ('64', '41', '49');
INSERT INTO photos (id, album_id, media_id) VALUES ('65', '26', '67');
INSERT INTO photos (id, album_id, media_id) VALUES ('66', '122', '126');
INSERT INTO photos (id, album_id, media_id) VALUES ('67', '42', '139');
INSERT INTO photos (id, album_id, media_id) VALUES ('68', '14', '119');
INSERT INTO photos (id, album_id, media_id) VALUES ('69', '134', '85');
INSERT INTO photos (id, album_id, media_id) VALUES ('70', '119', '191');
INSERT INTO photos (id, album_id, media_id) VALUES ('71', '115', '58');
INSERT INTO photos (id, album_id, media_id) VALUES ('72', '127', '92');
INSERT INTO photos (id, album_id, media_id) VALUES ('73', '85', '105');
INSERT INTO photos (id, album_id, media_id) VALUES ('74', '19', '89');
INSERT INTO photos (id, album_id, media_id) VALUES ('75', '123', '11');
INSERT INTO photos (id, album_id, media_id) VALUES ('76', '19', '8');
INSERT INTO photos (id, album_id, media_id) VALUES ('77', '137', '88');
INSERT INTO photos (id, album_id, media_id) VALUES ('78', '3', '16');
INSERT INTO photos (id, album_id, media_id) VALUES ('79', '135', '60');
INSERT INTO photos (id, album_id, media_id) VALUES ('80', '186', '110');
INSERT INTO photos (id, album_id, media_id) VALUES ('81', '140', '190');
INSERT INTO photos (id, album_id, media_id) VALUES ('82', '81', '130');
INSERT INTO photos (id, album_id, media_id) VALUES ('83', '22', '108');
INSERT INTO photos (id, album_id, media_id) VALUES ('84', '106', '158');
INSERT INTO photos (id, album_id, media_id) VALUES ('85', '194', '129');
INSERT INTO photos (id, album_id, media_id) VALUES ('86', '142', '142');
INSERT INTO photos (id, album_id, media_id) VALUES ('87', '109', '129');
INSERT INTO photos (id, album_id, media_id) VALUES ('88', '185', '191');
INSERT INTO photos (id, album_id, media_id) VALUES ('89', '58', '190');
INSERT INTO photos (id, album_id, media_id) VALUES ('90', '183', '67');
INSERT INTO photos (id, album_id, media_id) VALUES ('91', '51', '62');
INSERT INTO photos (id, album_id, media_id) VALUES ('92', '103', '76');
INSERT INTO photos (id, album_id, media_id) VALUES ('93', '155', '160');
INSERT INTO photos (id, album_id, media_id) VALUES ('94', '166', '113');
INSERT INTO photos (id, album_id, media_id) VALUES ('95', '200', '53');
INSERT INTO photos (id, album_id, media_id) VALUES ('96', '166', '25');
INSERT INTO photos (id, album_id, media_id) VALUES ('97', '138', '80');
INSERT INTO photos (id, album_id, media_id) VALUES ('98', '36', '94');
INSERT INTO photos (id, album_id, media_id) VALUES ('99', '142', '197');
INSERT INTO photos (id, album_id, media_id) VALUES ('100', '166', '140');
INSERT INTO photos (id, album_id, media_id) VALUES ('101', '4', '27');
INSERT INTO photos (id, album_id, media_id) VALUES ('102', '136', '184');
INSERT INTO photos (id, album_id, media_id) VALUES ('103', '87', '113');
INSERT INTO photos (id, album_id, media_id) VALUES ('104', '160', '7');
INSERT INTO photos (id, album_id, media_id) VALUES ('105', '74', '140');
INSERT INTO photos (id, album_id, media_id) VALUES ('106', '141', '141');
INSERT INTO photos (id, album_id, media_id) VALUES ('107', '6', '197');
INSERT INTO photos (id, album_id, media_id) VALUES ('108', '84', '139');
INSERT INTO photos (id, album_id, media_id) VALUES ('109', '174', '100');
INSERT INTO photos (id, album_id, media_id) VALUES ('110', '87', '27');
INSERT INTO photos (id, album_id, media_id) VALUES ('111', '96', '130');
INSERT INTO photos (id, album_id, media_id) VALUES ('112', '186', '20');
INSERT INTO photos (id, album_id, media_id) VALUES ('113', '196', '21');
INSERT INTO photos (id, album_id, media_id) VALUES ('114', '151', '163');
INSERT INTO photos (id, album_id, media_id) VALUES ('115', '173', '186');
INSERT INTO photos (id, album_id, media_id) VALUES ('116', '112', '155');
INSERT INTO photos (id, album_id, media_id) VALUES ('117', '143', '178');
INSERT INTO photos (id, album_id, media_id) VALUES ('118', '164', '7');
INSERT INTO photos (id, album_id, media_id) VALUES ('119', '158', '22');
INSERT INTO photos (id, album_id, media_id) VALUES ('120', '120', '17');
INSERT INTO photos (id, album_id, media_id) VALUES ('121', '131', '106');
INSERT INTO photos (id, album_id, media_id) VALUES ('122', '70', '20');
INSERT INTO photos (id, album_id, media_id) VALUES ('123', '41', '46');
INSERT INTO photos (id, album_id, media_id) VALUES ('124', '124', '134');
INSERT INTO photos (id, album_id, media_id) VALUES ('125', '5', '137');
INSERT INTO photos (id, album_id, media_id) VALUES ('126', '193', '121');
INSERT INTO photos (id, album_id, media_id) VALUES ('127', '60', '115');
INSERT INTO photos (id, album_id, media_id) VALUES ('128', '191', '173');
INSERT INTO photos (id, album_id, media_id) VALUES ('129', '190', '135');
INSERT INTO photos (id, album_id, media_id) VALUES ('130', '194', '179');
INSERT INTO photos (id, album_id, media_id) VALUES ('131', '198', '42');
INSERT INTO photos (id, album_id, media_id) VALUES ('132', '21', '197');
INSERT INTO photos (id, album_id, media_id) VALUES ('133', '79', '93');
INSERT INTO photos (id, album_id, media_id) VALUES ('134', '87', '97');
INSERT INTO photos (id, album_id, media_id) VALUES ('135', '119', '17');
INSERT INTO photos (id, album_id, media_id) VALUES ('136', '38', '17');
INSERT INTO photos (id, album_id, media_id) VALUES ('137', '129', '38');
INSERT INTO photos (id, album_id, media_id) VALUES ('138', '127', '110');
INSERT INTO photos (id, album_id, media_id) VALUES ('139', '157', '108');
INSERT INTO photos (id, album_id, media_id) VALUES ('140', '48', '50');
INSERT INTO photos (id, album_id, media_id) VALUES ('141', '1', '28');
INSERT INTO photos (id, album_id, media_id) VALUES ('142', '163', '56');
INSERT INTO photos (id, album_id, media_id) VALUES ('143', '22', '61');
INSERT INTO photos (id, album_id, media_id) VALUES ('144', '107', '146');
INSERT INTO photos (id, album_id, media_id) VALUES ('145', '195', '2');
INSERT INTO photos (id, album_id, media_id) VALUES ('146', '45', '134');
INSERT INTO photos (id, album_id, media_id) VALUES ('147', '95', '51');
INSERT INTO photos (id, album_id, media_id) VALUES ('148', '60', '97');
INSERT INTO photos (id, album_id, media_id) VALUES ('149', '160', '185');
INSERT INTO photos (id, album_id, media_id) VALUES ('150', '14', '58');
INSERT INTO photos (id, album_id, media_id) VALUES ('151', '167', '70');
INSERT INTO photos (id, album_id, media_id) VALUES ('152', '149', '74');
INSERT INTO photos (id, album_id, media_id) VALUES ('153', '150', '89');
INSERT INTO photos (id, album_id, media_id) VALUES ('154', '186', '62');
INSERT INTO photos (id, album_id, media_id) VALUES ('155', '91', '62');
INSERT INTO photos (id, album_id, media_id) VALUES ('156', '101', '175');
INSERT INTO photos (id, album_id, media_id) VALUES ('157', '98', '195');
INSERT INTO photos (id, album_id, media_id) VALUES ('158', '97', '34');
INSERT INTO photos (id, album_id, media_id) VALUES ('159', '194', '73');
INSERT INTO photos (id, album_id, media_id) VALUES ('160', '55', '156');
INSERT INTO photos (id, album_id, media_id) VALUES ('161', '187', '90');
INSERT INTO photos (id, album_id, media_id) VALUES ('162', '31', '30');
INSERT INTO photos (id, album_id, media_id) VALUES ('163', '22', '48');
INSERT INTO photos (id, album_id, media_id) VALUES ('164', '180', '14');
INSERT INTO photos (id, album_id, media_id) VALUES ('165', '94', '100');
INSERT INTO photos (id, album_id, media_id) VALUES ('166', '21', '37');
INSERT INTO photos (id, album_id, media_id) VALUES ('167', '146', '26');
INSERT INTO photos (id, album_id, media_id) VALUES ('168', '97', '15');
INSERT INTO photos (id, album_id, media_id) VALUES ('169', '7', '40');
INSERT INTO photos (id, album_id, media_id) VALUES ('170', '66', '17');
INSERT INTO photos (id, album_id, media_id) VALUES ('171', '141', '147');
INSERT INTO photos (id, album_id, media_id) VALUES ('172', '19', '133');
INSERT INTO photos (id, album_id, media_id) VALUES ('173', '110', '140');
INSERT INTO photos (id, album_id, media_id) VALUES ('174', '156', '17');
INSERT INTO photos (id, album_id, media_id) VALUES ('175', '21', '42');
INSERT INTO photos (id, album_id, media_id) VALUES ('176', '101', '3');
INSERT INTO photos (id, album_id, media_id) VALUES ('177', '127', '60');
INSERT INTO photos (id, album_id, media_id) VALUES ('178', '145', '75');
INSERT INTO photos (id, album_id, media_id) VALUES ('179', '106', '49');
INSERT INTO photos (id, album_id, media_id) VALUES ('180', '1', '109');
INSERT INTO photos (id, album_id, media_id) VALUES ('181', '147', '174');
INSERT INTO photos (id, album_id, media_id) VALUES ('182', '38', '78');
INSERT INTO photos (id, album_id, media_id) VALUES ('183', '154', '26');
INSERT INTO photos (id, album_id, media_id) VALUES ('184', '30', '197');
INSERT INTO photos (id, album_id, media_id) VALUES ('185', '13', '116');
INSERT INTO photos (id, album_id, media_id) VALUES ('186', '50', '1');
INSERT INTO photos (id, album_id, media_id) VALUES ('187', '145', '192');
INSERT INTO photos (id, album_id, media_id) VALUES ('188', '87', '195');
INSERT INTO photos (id, album_id, media_id) VALUES ('189', '133', '88');
INSERT INTO photos (id, album_id, media_id) VALUES ('190', '106', '137');
INSERT INTO photos (id, album_id, media_id) VALUES ('191', '156', '190');
INSERT INTO photos (id, album_id, media_id) VALUES ('192', '118', '75');
INSERT INTO photos (id, album_id, media_id) VALUES ('193', '151', '175');
INSERT INTO photos (id, album_id, media_id) VALUES ('194', '71', '119');
INSERT INTO photos (id, album_id, media_id) VALUES ('195', '125', '37');
INSERT INTO photos (id, album_id, media_id) VALUES ('196', '139', '126');
INSERT INTO photos (id, album_id, media_id) VALUES ('197', '186', '27');
INSERT INTO photos (id, album_id, media_id) VALUES ('198', '115', '63');
INSERT INTO photos (id, album_id, media_id) VALUES ('199', '65', '181');
INSERT INTO photos (id, album_id, media_id) VALUES ('200', '153', '74');

